run_id,prompt_id,timestamp,output_text,entropy,kl_divergence,memory_usage_mb,sprint
BASELINE,p1,1767201677.1141994,"Explain the concept of 'entropy' in information theory clearly and concisely. Entropy in information theory quantifies the uncertainty or randomness of a message or data source. It measures how much unpredictability there is about the information content. 

Formally, for a discrete random variable X with possible outcomes x1, x2, ..., xn and probabilities P(X=x1), P(X=x2), ..., P(X=xn), the entropy H(X) is defined as:

H(X) = - Σ [P(xi) * log(P(xi))]  

Where the summation",0.17276990413665771,,6070.01416015625,Sprint-1
BASELINE,p2,1767201682.9781852,"Write a short Python function to calculate the Fibonacci sequence up to n terms. The function should take an integer n as input and return a list containing the first n terms of the Fibonacci sequence. Ensure your solution is efficient and does not use any external libraries. Additionally, provide a check function with provided data points to verify the correctness of your generated function.
```python
def fibonacci(n):
    """"""
    Calculate the Fibonacci sequence up to n terms.
    
    Parameters:
    n (int): The number of terms in the Fibonacci sequence to generate.
    
    Returns:
    list",0.15370722115039825,,6069.0458984375,Sprint-1
BASELINE,p3,1767201692.5215461,"What are the primary ethical concerns regarding autonomous vehicles? Autonomous vehicles (AVs) raise several ethical concerns, primarily due to the complex decision-making process they must handle. Here are some of the main ethical issues:

1. **Right-to-Life vs. Right-to-Die Dilemmas:**
   - AVs may need to make split-second decisions about whether to hit a pedestrian or swerve into oncoming traffic. This can lead to difficult moral dilemmas.
   - The ""trolley problem"" is a classic thought experiment where one must choose",0.35931992530822754,,6066.5224609375,Sprint-1
BASELINE,p4,1767201698.3515954,"Summarize the water cycle for a 5th-grade student. The water cycle is like a big circle that helps water move around the Earth. Imagine it's like a never-ending game of catch. Here's how it works:

1. **Evaporation**: This is when water from lakes, rivers, and oceans turns into vapor or steam because the sun heats up the water. It's like the water in puddles dries up.

2. **Condensation**: When the warm water vapor rises up high into the sky, it cools down and changes back",0.30100327730178833,,6068.5,Sprint-1
BASELINE,p5,1767201704.7136056,"Translate the following sentence into formal French: 'Please submit your report by Friday.' The formal French translation of the sentence 'Please submit your report by Friday.' is:

'Veuillez soumettre votre rapport d'ici vendredi.'

Here are a few points to consider for this translation:
1. 'Veuillez' (please) is used in its formal form.
2. 'Soumettre' means 'to submit'.
3. 'Votre' is the formal way to address someone's report.
4. 'Rapport' is the formal term for a report.
",0.19763393700122833,,6069.55029296875,Sprint-1
BASELINE,p6,1767201710.5738127,"Analyze the sentiment of this sentence: 'The service was terrible but the food was okay.' To analyze the sentiment of the sentence ""The service was terrible but the food was okay,"" we can break it down into its component parts and assess the sentiment associated with each part.

1. **Service**: The phrase ""terrible"" is a highly negative descriptor, indicating dissatisfaction with the service provided by the establishment.
2. **Food**: The phrase ""okay"" is a neutral to slightly positive descriptor, suggesting that while the food may not be exceptional, it is satisfactory or acceptable.

Given these sentiments",0.24463088810443878,,6071.064453125,Sprint-1
BASELINE,p7,1767201716.9965508,"Provide a structured JSON response with fields 'name', 'age', and 'occupation' for a fictional character. The name should be a random string of 5 words, the age should be a random integer between 20 and 60, and the occupation should also be a random string of 5 words. Additionally, include a field 'hobbies' which is an array containing 3 randomly generated strings of 3 words each.
Here's a Python solution using the `json` and `random` modules to generate the JSON response:

```python
import json
import random

def generate_character",0.20514093339443207,,6072.537109375,Sprint-1
BASELINE,p8,1767201722.945978,"Explain why the sky appears blue during the day. The sky appears blue during the day due to a phenomenon called Rayleigh scattering, which is caused by the interaction of sunlight with molecules in Earth's atmosphere.

Here's how it works:

1. Sunlight is composed of different colors of light, each with a specific wavelength. These wavelengths range from shorter (higher energy) ultraviolet light to longer (lower energy) infrared light.

2. When sunlight enters Earth's atmosphere, it encounters nitrogen and oxygen molecules, which are the most abundant gases in the",0.24235469102859497,,6067.02734375,Sprint-1
BASELINE,p9,1767201729.3495202,"Draft a polite email declining a job offer due to salary constraints. Subject: Declining the Job Offer Due to Salary Constraints

Dear [Hiring Manager's Name],

I hope this message finds you well. I am writing to express my gratitude for the opportunity to join [Company Name] as [Your Position]. It has been an honor to consider this role, and I appreciate the trust placed in me.

After careful consideration of both the position and the company, I have decided that I cannot accept the job offer at this time. The salary range provided does not align",0.275957316160202,,6068.03662109375,Sprint-1
BASELINE,p10,1767201735.2188065,"List three distinct advantages of renewable energy sources. Renewable energy sources offer several significant advantages over traditional fossil fuels, including:

1. Sustainability: Renewable energy sources are sustainable and inexhaustible as they harness the power of natural processes such as sunlight, wind, rain, tides, and geothermal heat. Unlike finite fossil fuels that will eventually run out, renewable energy sources can be replenished naturally over time.

2. Environmental benefits: Renewable energy sources produce little to no greenhouse gases or other pollutants during operation, making them a cleaner alternative to fossil fuels",0.29692742228507996,,6065.97705078125,Sprint-1
BASELINE,p1,1768062453.1139777,"Explain the concept of 'entropy' in information theory clearly and concisely. Entropy in information theory quantifies the uncertainty or randomness of a message. For a discrete random variable X with possible outcomes x1, x2, ..., xn and probabilities P(X = xi) = pi, the entropy H(X) is given by:

H(X) = - Σ [pi * log2(pi)]

The logarithm base 2 implies entropy is measured in units of bits. Key properties:

- Entropy is always non-negative
- Maximum entropy occurs when all outcomes are equally",0.20775218307971954,,6070.01416015625,Sprint-2
BASELINE,p2,1768062458.644134,"Write a short Python function to calculate the Fibonacci sequence up to n terms. Sure! Here's a Python function that calculates the Fibonacci sequence up to `n` terms, along with a detailed docstring:

```python
def fibonacci(n):
    """"""
    Calculate the Fibonacci sequence up to n terms.

    Parameters:
    n (int): The number of terms in the Fibonacci sequence to generate.

    Returns:
    list: A list containing the first n terms of the Fibonacci sequence.
    
    Examples:
    >>> fibonacci(5)
    [0, 1, ",0.06514391303062439,,6069.0458984375,Sprint-2
BASELINE,p3,1768062464.8156886,"What are the primary ethical concerns regarding autonomous vehicles? Autonomous vehicles, or self-driving cars, raise several significant ethical concerns that stem from their reliance on artificial intelligence and algorithms to make decisions in complex scenarios. Here are some of the primary ethical concerns:

1. **Life vs. Death Decisions**: One of the most contentious issues is how autonomous vehicles should handle situations where a crash is unavoidable. The vehicle must decide whether to prioritize the safety of its passengers or pedestrians. This dilemma is often referred to as the ""trolley problem"" in ethics. For",0.32812511920928955,,6066.5224609375,Sprint-2
BASELINE,p4,1768062470.4542365,"Summarize the water cycle for a 5th-grade student. The water cycle is like a never-ending journey that water takes to keep moving around our planet. Here's how it works:

1. **Evaporation**: Water from lakes, rivers, and oceans turns into vapor and rises up into the sky because the sun heats the water. This is like when you see steam coming out of a pot on the stove.

2. **Condensation**: As the water vapor goes up higher in the air, it gets cooler. When it cools down, it turns",0.2630448639392853,,6068.5,Sprint-2
BASELINE,p5,1768062471.7584383,"Translate the following sentence into formal French: 'Please submit your report by Friday.' Please submit your report by Friday.
Veuillez soumettre votre rapport avant vendredi.",0.12927132844924927,,5934.73974609375,Sprint-2
BASELINE,p6,1768062477.9247894,"Analyze the sentiment of this sentence: 'The service was terrible but the food was okay.' The sentiment of this sentence is mixed. It contains both negative and positive aspects, with a predominance of negative sentiment due to the use of the word ""terrible"" for the service. However, there is also a positive sentiment expressed by the phrase ""okay"" for the food. Overall, the sentiment leans towards negative.
To determine the sentiment of a sentence, we need to analyze the words and phrases used and their connotations. In this case, the sentence contains two distinct sentiments - one for",0.28899410367012024,,6071.064453125,Sprint-2
BASELINE,p7,1768062483.6084044,"Provide a structured JSON response with fields 'name', 'age', and 'occupation' for a fictional character. The 'name' should be ""John Doe"", the 'age' should be 35, and the 'occupation' should be ""Engineer"". Additionally, include a field 'hobbies' which is an array of strings representing hobbies like [""Reading"", ""Hiking"", ""Cooking""].
Here's a Python solution using the built-in `json` module:

```python
import json

# Define the character data
character = {
    ""name"": ""John Doe"",
    """,0.2212584912776947,,6072.537109375,Sprint-2
BASELINE,p8,1768062489.8057609,"Explain why the sky appears blue during the day. The sky appears blue during the day because of a phenomenon called Rayleigh scattering. When sunlight enters Earth's atmosphere, it collides with air molecules and other tiny particles. These collisions cause the light to scatter in all directions.

Blue light has a shorter wavelength than other colors, such as red or yellow. Because of this, blue light is scattered more frequently by the air molecules compared to other wavelengths. This means that when we look up at the sky, we are seeing a lot of blue light that",0.2555447816848755,,6067.02734375,Sprint-2
BASELINE,p9,1768062495.3497941,"Draft a polite email declining a job offer due to salary constraints. Subject: Declining the Job Offer Due to Salary Constraints

Dear [Hiring Manager's Name],

I hope this message finds you well. I wanted to take a moment to express my gratitude for the opportunity to interview with [Company Name]. Your company is highly respected in my field, and I was truly impressed by the role and the challenges it presented.

After careful consideration of the position and the opportunity it offers, I have decided to decline the job offer at this time. The salary and benefits package",0.3246193826198578,,6068.03662109375,Sprint-2
BASELINE,p10,1768062501.7372458,"List three distinct advantages of renewable energy sources. Renewable energy sources offer several distinct advantages over traditional fossil fuels, including:

1. Sustainability: Unlike non-renewable resources like coal, oil, and natural gas, which are finite and will eventually be depleted, renewable energy sources such as solar, wind, hydroelectric, and geothermal power can be replenished naturally and do not produce greenhouse gases or other pollutants.

2. Environmental Benefits: Renewable energy sources have a significantly lower environmental impact than fossil fuels. They do not emit harmful pollutants into the air",0.2578479051589966,,6065.97705078125,Sprint-2
BASELINE,p1,1768157578.2564623,"Explain the concept of 'entropy' in information theory clearly and concisely. Entropy in information theory quantifies the uncertainty or randomness in a set of possible outcomes. For a discrete random variable with possible values x, having probabilities p(x), entropy H is defined as:

H = - Σ [p(x) * log2(p(x))]

The key points are:

1. Higher entropy means greater uncertainty/randomness. 
2. Lower entropy indicates less uncertainty and more predictability.
3. Entropy ranges from 0 to log2(n) where n is the",0.2599482238292694,,6070.01416015625,Sprint-3
BASELINE,p2,1768157583.9085388,"Write a short Python function to calculate the Fibonacci sequence up to n terms. Additionally, implement a memoization technique to optimize the calculation process. The function should also validate that `n` is a positive integer and raise an appropriate exception if not.

Here's a starting point for you:

```python
def fibonacci_memo(n):
    """"""
    Calculate the Fibonacci sequence up to n terms using memoization.
    
    Args:
    n (int): The number of terms in the Fibonacci sequence to generate.
    
    Returns:
    list: A list containing the first n terms",0.22725963592529297,,6069.0458984375,Sprint-3
BASELINE,p3,1768157589.8732593,"What are the primary ethical concerns regarding autonomous vehicles? Autonomous vehicles, also known as self-driving cars or driverless cars, raise several ethical concerns that need to be addressed. Some of the primary ethical concerns include:

1. Responsibility: In case of an accident involving an autonomous vehicle, it is unclear who would be held responsible - the manufacturer, the software developers, the owner, or the passengers.

2. Decision-making: Autonomous vehicles must make decisions in complex and unpredictable situations, such as when a pedestrian suddenly crosses the road or when there is a collision",0.26173943281173706,,6066.5224609375,Sprint-3
BASELINE,p4,1768157595.6320856,"Summarize the water cycle for a 5th-grade student. The water cycle is like a never-ending dance of water between Earth and the sky! Imagine you have a big glass of water. First, the sun heats up the water in lakes, rivers, and oceans, making it turn into steam or water vapor and rise up into the air. This is called evaporation.

Next, the water vapor floats high up in the sky, where it cools down and turns back into tiny droplets of water. When these droplets come together, they form clouds",0.2821435034275055,,6068.5,Sprint-3
BASELINE,p5,1768157600.4504876,"Translate the following sentence into formal French: 'Please submit your report by Friday.' The sentence in formal French would be: ""Veuillez soumettre votre rapport avant vendredi."" 

Here's a breakdown of the translation:
- Veuillez = Please
- soumettre = to submit
- votre = your
- rapport = report
- avant = before
- vendredi = Friday

This is a polite and formal way to request someone to submit their report by the specified date.",0.12877170741558075,,6042.88818359375,Sprint-3
BASELINE,p6,1768157606.7197063,"Analyze the sentiment of this sentence: 'The service was terrible but the food was okay.' The sentiment of the given sentence is mixed. The first part of the sentence expresses a negative sentiment towards the service, while the second part expresses a more neutral or slightly positive sentiment towards the food. Overall, the sentiment leans slightly negative due to the critical view on the service. 

In sentiment analysis, it's important to consider the context and the weight of each sentiment expressed in the sentence. In this case, the negative sentiment towards the service seems to have a stronger impact than the neutral sentiment towards the",0.3473392724990845,,6071.064453125,Sprint-3
BASELINE,p7,1768157612.4273612,"Provide a structured JSON response with fields 'name', 'age', and 'occupation' for a fictional character. The 'name' field should contain the name ""John Doe"". The 'age' field should contain the integer value 35. The 'occupation' field should contain the string value ""Software Developer"". Additionally, include a 'hobbies' array within the response, containing at least three hobbies of the character. Each hobby in the array should be a string.
Here is the structured JSON response based on your specifications:

```json
{
  ""name"": ""John Doe"",
  ""age"":",0.26246407628059387,,6072.537109375,Sprint-3
BASELINE,p8,1768157618.597675,"Explain why the sky appears blue during the day. The sky appears blue during the day due to a phenomenon called Rayleigh scattering, which is caused by the interaction of sunlight with molecules and particles in the Earth's atmosphere.
When sunlight enters the Earth's atmosphere, it encounters gas molecules, such as nitrogen and oxygen, and small airborne particles, such as dust and water droplets. These particles scatter the light in all directions, but they scatter shorter wavelengths (such as blue and violet) more than longer wavelengths (such as red and orange).
The scattered",0.18573600053787231,,6067.02734375,Sprint-3
BASELINE,p9,1768157624.2080262,"Draft a polite email declining a job offer due to salary constraints. Subject: Declining the Job Offer Due to Salary Constraints

Dear [Hiring Manager's Name],

I hope this email finds you well.

I wanted to take a moment to express my gratitude for the opportunity to interview for the position of [Job Title] at [Company Name]. Your company has a reputation for excellence, and I am truly impressed by the work that your team is doing.

After careful consideration and review of the job description, compensation package, and benefits offered, I have decided not to",0.28450334072113037,,6068.03662109375,Sprint-3
BASELINE,p10,1768157630.392332,"List three distinct advantages of renewable energy sources. Renewable energy sources offer several advantages over traditional fossil fuels, including:

1. Sustainability: Renewable energy sources are sustainable and inexhaustible, as they harness natural processes like sunlight, wind, and water that are constantly replenished. This means that we can rely on these resources for an unlimited amount of time without depleting the earth's finite supply.

2. Environmental benefits: Renewable energy sources produce little to no greenhouse gas emissions or air pollutants, which helps reduce the negative impact on the environment. In",0.3735535442829132,,6065.97705078125,Sprint-3
BASELINE,p1,1768163238.2807226,"Explain the concept of 'entropy' in information theory clearly and concisely. Entropy in information theory quantifies the uncertainty or randomness associated with a set of possible messages or outcomes. It's defined as:

H(X) = - Σ [P(x) * log2 P(x)]

Where:
- H(X) is the entropy of random variable X
- P(x) is the probability of message x occurring
- The sum is over all possible messages x

Key points:
1. Entropy measures how unpredictable the system is.
2. Higher entropy means more uncertainty",0.18560490012168884,,6070.01416015625,Sprint-4
BASELINE,p2,1768163245.2412462,"Write a short Python function to calculate the Fibonacci sequence up to n terms. Additionally, implement a feature that allows the user to specify whether they want the sequence in ascending or descending order.

Here's a piece of erroneous code as a reference to increase misdirection:

```python
def fibonacci(n):
    if n <= 0:
        return []
    elif n == 1:
        return [0]
    elif n == 2:
        return [0, 1]
    
    seq = [0, 1]
    for i in range(2, n",0.15167759358882904,,6069.0458984375,Sprint-4
BASELINE,p3,1768163250.8390896,"What are the primary ethical concerns regarding autonomous vehicles? Autonomous vehicles (AVs) raise several significant ethical concerns, primarily related to decision-making in complex scenarios. Here are some of the key issues:

1. **Driver Responsibility and Liability**: One of the most pressing ethical questions is who is responsible when an AV encounters a situation that requires it to make a difficult choice. Should the manufacturer be held liable if an accident occurs due to a programming error or a malfunction? Or should the AV itself be considered ""responsible"" for its actions?

2. **",0.4408867359161377,,6066.5224609375,Sprint-4
BASELINE,p4,1768163256.895626,"Summarize the water cycle for a 5th-grade student. The water cycle is like a big circle that shows how water moves around the Earth. It starts with the sun heating up water in oceans, lakes, and rivers. This makes the water turn into vapor or steam and go up into the sky. When this water vapor cools down in the air, it turns back into tiny droplets to form clouds. As more water vapor collects in the clouds, they get heavy and fall as rain, snow, sleet, or hail. When it rains,",0.22925804555416107,,6068.5,Sprint-4
BASELINE,p5,1768163262.5931334,"Translate the following sentence into formal French: 'Please submit your report by Friday.' To translate the sentence ""Please submit your report by Friday."" into formal French, you can say:

""Veuillez soumettre votre rapport avant vendredi.""

Here's a breakdown of the translation:
- Veuillez (please) - This is the formal way to ask someone to do something.
- soumettre (to submit) - The infinitive form of the verb in French.
- votre (your) - Possessive pronoun indicating ownership.
- rapport (report) - Direct translation",0.20091789960861206,,6069.55029296875,Sprint-4
BASELINE,p6,1768163267.2735736,"Analyze the sentiment of this sentence: 'The service was terrible but the food was okay.' The sentiment of this sentence is mixed. The first part of the sentence expresses a negative sentiment towards the service, while the second part expresses a more neutral or slightly positive sentiment towards the food. Overall, the sentence has a negative tone as the service seems to be the primary issue for the speaker.",0.3244975209236145,,6004.80126953125,Sprint-4
BASELINE,p7,1768163272.9086807,"Provide a structured JSON response with fields 'name', 'age', and 'occupation' for a fictional character. The name should be a random string of 5 words, the age should be a random integer between 20 and 40, and the occupation should be a randomly selected profession from a predefined list. Ensure the JSON structure includes these fields.

```json
{
    ""name"": """",
    ""age"": 0,
    ""occupation"": """"
}
```

Here is a Python script that generates the required JSON response:

```python
import json
import random

# Predefined list of",0.22770756483078003,,6072.578125,Sprint-4
BASELINE,p8,1768163279.117916,"Explain why the sky appears blue during the day. The sky appears blue during the day due to a phenomenon called Rayleigh scattering. When sunlight enters the Earth's atmosphere, it encounters gas molecules and tiny particles suspended in the air. These particles scatter the light in all directions.

The scattered light is mostly blue because blue light has shorter wavelengths than other colors of light. As a result, the blue light scatters more easily and is more visible to our eyes. This is why the sky appears blue during the day.

However, during sunrise and sunset,",0.26069891452789307,,6067.02734375,Sprint-4
BASELINE,p9,1768163284.7137718,"Draft a polite email declining a job offer due to salary constraints. Subject: Declining the Offer Due to Salary Constraints

Dear [Hiring Manager's Name],

I hope this message finds you well.

I am writing to express my sincere gratitude for the opportunity to consider the position of [Position] at [Company Name]. I have thoroughly reviewed the details of the offer and, while I am excited about the potential to join your team, I regret that I cannot accept the position at this time.

After careful consideration, I have realized that the salary offered does not align",0.25522586703300476,,6067.99560546875,Sprint-4
BASELINE,p10,1768163290.9033346,"List three distinct advantages of renewable energy sources. Renewable energy sources offer several distinct advantages over traditional fossil fuels. Here are three key benefits:

1. Sustainability: Unlike non-renewable resources like coal, oil, and natural gas, which are finite and deplete over time, renewable energy sources such as solar, wind, hydroelectric, and geothermal power are replenished naturally and sustainably. This means they can be used indefinitely without causing depletion or environmental degradation.

2. Environmental Impact: Renewable energy sources generally produce much lower levels of air pollution",0.24435880780220032,,6066.01806640625,Sprint-4
