run_id,prompt_id,timestamp,output_text,embedding,entropy,kl_divergence,memory_usage_mb,sprint,elim_rate,canonical_run_id,rf_score
RLAE_ELIM_0.0,p1,1767685739.5315483,"Explain the concept of 'entropy' in information theory clearly and concisely. In information theory, entropy is a measure of uncertainty or randomness associated with a set of possible outcomes. More formally:

- It quantifies the average amount of information produced by a probabilistic source of data.
- Entropy is measured in units of bits",,0.0,0.0025991788133978844,11906.6298828125,Sprint-1,0.0,,
RLAE_ELIM_0.0,p2,1767685746.8316953,"Write a short Python function to calculate the Fibonacci sequence up to n terms. The function should be named `fibonacci_sequence` and take an integer `n` as its input, returning a list of the first `n` Fibonacci numbers.

Your code should pass the following test case:
```python
# Test Case
result",,0.0,0.0022721763234585524,11905.90966796875,Sprint-1,0.0,,
RLAE_ELIM_0.0,p3,1767685750.9539344,"What are the primary ethical concerns regarding autonomous vehicles? Autonomous vehicles (AVs) raise several significant ethical concerns that have sparked widespread debate among policymakers, ethicists, and the public. Here are some of the primary ethical concerns:

1. **Autonomy vs. Human Oversight**: The question arises whether AV",,0.0,0.0013325853506103158,11903.65869140625,Sprint-1,0.0,,
RLAE_ELIM_0.0,p4,1767685754.6655614,"Summarize the water cycle for a 5th-grade student. The water cycle is like a never-ending journey of water! Imagine you have a big glass of water. First, the sun heats up the water in lakes and oceans, making it turn into vapor or steam. This is called evaporation. Next,",,0.0,0.0020177653059363365,11904.67919921875,Sprint-1,0.0,,
RLAE_ELIM_0.0,p5,1767685758.3094063,"Translate the following sentence into formal French: 'Please submit your report by Friday.' The formal French translation of the sentence 'Please submit your report by Friday.' is:

'Veuillez soumettre votre rapport d'ici vendredi.'

This translation maintains the formal tone appropriate for a professional context. If you need further adjustments or have",,0.0,0.002303101820871234,11905.9794921875,Sprint-1,0.0,,
RLAE_ELIM_0.0,p6,1767685762.2990136,"Analyze the sentiment of this sentence: 'The service was terrible but the food was okay.' The sentiment of the given sentence is mixed. It contains both negative and positive sentiments. The negative sentiment is expressed by the phrase ""terrible"" which refers to the service, while the positive sentiment is expressed by the phrase ""okay"" which refers to",,0.0,0.0023121521808207035,11907.9296875,Sprint-1,0.0,,
RLAE_ELIM_0.0,p7,1767685766.186206,"Provide a structured JSON response with fields 'name', 'age', and 'occupation' for a fictional character. The name should be a string, the age an integer between 20 and 60, and the occupation a string. Additionally, ensure that each field is validated to ensure they meet these criteria.
Here's a Python solution using the `json",,0.0,0.002290411153808236,11909.87890625,Sprint-1,0.0,,
RLAE_ELIM_0.0,p8,1767685769.9090629,"Explain why the sky appears blue during the day. The sky appears blue during the day because of a phenomenon called Rayleigh scattering. When sunlight enters the Earth's atmosphere, it collides with air molecules and other particles. The shorter wavelength blue light is scattered more than the longer wavelength red light.

Ray",,0.0,0.00226986245252192,11903.72900390625,Sprint-1,0.0,,
RLAE_ELIM_0.0,p9,1767685773.7140477,"Draft a polite email declining a job offer due to salary constraints. Subject: Declining the Job Offer Due to Salary Constraints

Dear [Hiring Manager's Name],

I hope this message finds you well. I wanted to take a moment to express my gratitude for the opportunity to join [Company Name] as [Your",,0.0,0.002810963662341237,11904.49462890625,Sprint-1,0.0,,
RLAE_ELIM_0.0,p10,1767685777.7673943,"List three distinct advantages of renewable energy sources. Renewable energy sources offer several distinct advantages, including:

1. Sustainability: Unlike fossil fuels, which are finite resources that deplete over time and release harmful pollutants into the atmosphere, renewable energy sources such as solar, wind, hydroelectric, and geothermal",,0.0,0.0027644410729408264,11902.32177734375,Sprint-1,0.0,,
RLAE_ELIM_0.2,p1,1767685804.8184257,"Explain the concept of 'entropy' in information theory clearly and concisely. Entropy in information theory quantifies the uncertainty or randomness of a message. For a discrete random variable X with possible outcomes x1, x2, ..., xn and probabilities p(x1), p(x2), ..., p(xn), entropy H(X",,0.0,0.003824673593044281,11906.6298828125,Sprint-1,0.2,,
RLAE_ELIM_0.2,p2,1767685808.610384,"Write a short Python function to calculate the Fibonacci sequence up to n terms. Additionally, modify the function so that it can handle negative input values for n by returning an empty list in such cases. Also, implement error handling to ensure that the input is an integer and throw an appropriate exception if not.

Here's a piece of",,0.0,0.0025516825262457132,11905.90966796875,Sprint-1,0.2,,
RLAE_ELIM_0.2,p3,1767685812.917601,"What are the primary ethical concerns regarding autonomous vehicles? Autonomous vehicles (AVs) raise several significant ethical concerns, primarily related to safety, privacy, and accountability. Here are some of the key issues:

1. Safety:
- Moral dilemmas: In unavoidable accidents, how should AVs prioritize harm?
",,0.0,0.0012611143756657839,11903.65869140625,Sprint-1,0.2,,
RLAE_ELIM_0.2,p4,1767685816.7545753,"Summarize the water cycle for a 5th-grade student. The water cycle is like a never-ending dance of water! It starts with the sun heating up water in lakes, rivers, and oceans. When it gets hot, the water turns into vapor or steam and goes up into the sky. This water vapor",,0.0,0.0023814626038074493,11904.67919921875,Sprint-1,0.2,,
RLAE_ELIM_0.2,p5,1767685820.5095813,"Translate the following sentence into formal French: 'Please submit your report by Friday.' The formal French translation of ""Please submit your report by Friday."" is:

""Veuillez soumettre votre rapport avant vendredi.""

This translation maintains the formal tone appropriate for a professional or official context. If you want to add a bit more form",,0.0,0.002355926437303424,11905.9794921875,Sprint-1,0.2,,
RLAE_ELIM_0.2,p6,1767685824.8286636,"Analyze the sentiment of this sentence: 'The service was terrible but the food was okay.' The sentiment of the sentence is mixed. It contains two contrasting sentiments - the service being terrible and the food being okay. Overall, the sentiment leans negative due to the negative connotation of the service. However, it could be interpreted as a positive review",,0.0,0.0023624079767614603,11907.9296875,Sprint-1,0.2,,
RLAE_ELIM_0.2,p7,1767685828.6264296,"Provide a structured JSON response with fields 'name', 'age', and 'occupation' for a fictional character. The name should be a random string of 5 words, the age should be a random integer between 20 and 60, and the occupation should be a random string of 5 words. Use JavaScript to generate this data.
```json",,0.0,0.0022027601953595877,11909.87890625,Sprint-1,0.2,,
RLAE_ELIM_0.2,p8,1767685832.4012744,"Explain why the sky appears blue during the day. The sky appears blue during the day due to a phenomenon called Rayleigh scattering. Here's a step-by-step explanation:

1. **Sunlight Composition**: The Sun emits light across the entire electromagnetic spectrum, including visible light. This visible light is composed",,0.0,0.0014655288541689515,11903.72900390625,Sprint-1,0.2,,
RLAE_ELIM_0.2,p9,1767685836.7941818,"Draft a polite email declining a job offer due to salary constraints. Subject: Declining the Job Offer Due to Salary Constraints

Dear [Hiring Manager's Name],

I hope this email finds you well. I wanted to take a moment to express my gratitude for the opportunity to join [Company Name] as [Your",,0.0,0.0018580484902486205,11904.49462890625,Sprint-1,0.2,,
RLAE_ELIM_0.2,p10,1767685840.5484924,"List three distinct advantages of renewable energy sources. Renewable energy sources offer several distinct advantages, including:

1. Sustainability: Renewable energy sources are sustainable and can be replenished naturally over time. Unlike fossil fuels, which are finite resources that take millions of years to form, renewable energy sources like solar,",,0.0,0.0018566673388704658,11902.32177734375,Sprint-1,0.2,,
RLAE_ELIM_0.4,p1,1767685865.7513847,"Explain the concept of 'entropy' in information theory clearly and concisely. Entropy in information theory is a measure of uncertainty or randomness associated with a probability distribution. It quantifies the expected value of the information content or surprise in an outcome. 

Formally, for a discrete random variable X with possible outcomes {x1",,0.0,0.0,11906.6298828125,Sprint-1,0.4,,
RLAE_ELIM_0.4,p2,1767685869.5541577,"Write a short Python function to calculate the Fibonacci sequence up to n terms. The function should take an integer `n` as input and return a list of the first `n` Fibonacci numbers.

Your code should pass the following assertions:
```python
assert fibonacci_sequence(10) == [1, 1, ",,0.0,0.0,11905.90966796875,Sprint-1,0.4,,
RLAE_ELIM_0.4,p3,1767685873.9082813,"What are the primary ethical concerns regarding autonomous vehicles? Autonomous vehicles, or self-driving cars, raise several significant ethical concerns that have been extensively discussed by ethicists, policymakers, and the public. Here are some of the primary ones:

1. **Autonomy vs. Human Control**: The fundamental issue is",,0.0,0.0,11903.65869140625,Sprint-1,0.4,,
RLAE_ELIM_0.4,p4,1767685877.7079263,"Summarize the water cycle for a 5th-grade student. The water cycle is like a big circle that shows how water moves around the Earth. Imagine you have a glass of water, and it's full of water. This is called liquid water. 

1. **Evaporation**: The sun heats up the",,0.0,0.0,11904.67919921875,Sprint-1,0.4,,
RLAE_ELIM_0.4,p5,1767685881.5146155,"Translate the following sentence into formal French: 'Please submit your report by Friday.' The formal French translation of ""Please submit your report by Friday."" is:

""Veuillez soumettre votre rapport d'ici vendredi.""

This translation maintains the polite and formal tone appropriate for a professional context. Here's a breakdown of the translation",,0.0,0.0,11905.9794921875,Sprint-1,0.4,,
RLAE_ELIM_0.4,p6,1767685885.8847978,"Analyze the sentiment of this sentence: 'The service was terrible but the food was okay.' 
To analyze the sentiment, we can use a sentiment analysis tool or apply natural language processing techniques. 
Using a sentiment analysis tool, we can assign a positive or negative sentiment to each word in the sentence and then calculate an overall sentiment score. 
",,0.0,0.0,11907.9296875,Sprint-1,0.4,,
RLAE_ELIM_0.4,p7,1767685889.7130804,"Provide a structured JSON response with fields 'name', 'age', and 'occupation' for a fictional character. The name should be ""Jane Doe"", the age should be 35, and the occupation should be ""Journalist"". 

Additionally, include a field called 'hobbies' which is an array of strings representing the hobbies of the character. The",,0.0,0.0,11909.87890625,Sprint-1,0.4,,
RLAE_ELIM_0.4,p8,1767685893.4733741,"Explain why the sky appears blue during the day. The sky appears blue during the day due to a phenomenon called Rayleigh scattering. When sunlight enters the Earth's atmosphere, it interacts with molecules and tiny particles in the air. These interactions cause the light to scatter in all directions.

Blue light has shorter",,0.0,0.0,11903.72900390625,Sprint-1,0.4,,
RLAE_ELIM_0.4,p9,1767685897.8108454,"Draft a polite email declining a job offer due to salary constraints. Subject: Declining the Job Offer Due to Salary Constraints

Dear [Hiring Manager's Name],

I hope this message finds you well. I am writing to decline the position of [Job Title] that was offered to me by your esteemed organization,",,0.0,0.0,11904.49462890625,Sprint-1,0.4,,
RLAE_ELIM_0.4,p10,1767685901.5661187,"List three distinct advantages of renewable energy sources. Renewable energy sources offer several distinct advantages over traditional non-renewable sources like coal, oil, and natural gas. Here are three key benefits:

1. Sustainability and Environmental Impact: Renewable energy sources such as solar, wind, hydroelectric, and ge",,0.0,0.0,11902.32177734375,Sprint-1,0.4,,
RLAE_ELIM_0.6,p1,1767685925.9705226,"Explain the concept of 'entropy' in information theory clearly and concisely. Entropy in information theory is a measure of uncertainty or randomness associated with a set of possible outcomes. It quantifies the average amount of information needed to describe the outcome of an event. 

Formally, for a discrete random variable X with possible outcomes",,0.0,0.0,11906.6298828125,Sprint-1,0.6,,
RLAE_ELIM_0.6,p2,1767685929.7456567,"Write a short Python function to calculate the Fibonacci sequence up to n terms. Sure! Here's a Python function that calculates the Fibonacci sequence up to `n` terms:

```python
def fibonacci(n):
    """"""
    Calculate and return the Fibonacci sequence up to n terms.

    Parameters:
    n (int): The number",,0.0,0.0,11905.90966796875,Sprint-1,0.6,,
RLAE_ELIM_0.6,p3,1767685933.9820452,"What are the primary ethical concerns regarding autonomous vehicles? There are several primary ethical concerns regarding autonomous vehicles:

1. Responsibility: In the event of an accident, who is responsible – the manufacturer, the software developer, the owner, or the driver? This is a complex issue that requires clear legal and regulatory",,0.0,0.0,11903.65869140625,Sprint-1,0.6,,
RLAE_ELIM_0.6,p4,1767685937.8024511,"Summarize the water cycle for a 5th-grade student. The water cycle is like a big circle where water moves all around our planet. It starts in the sky as water vapor, which is invisible steam. When it's hot outside, some of the water from lakes, rivers, and oceans turns into vapor",,0.0,0.0,11904.67919921875,Sprint-1,0.6,,
RLAE_ELIM_0.6,p5,1767685941.5578027,"Translate the following sentence into formal French: 'Please submit your report by Friday.' To translate the sentence ""Please submit your report by Friday."" into formal French, you can say:

""Veuillez soumettre votre rapport d'ici vendredi.""

This translation maintains a polite and formal tone appropriate for official or professional contexts. Here",,0.0,0.0,11905.9794921875,Sprint-1,0.6,,
RLAE_ELIM_0.6,p6,1767685945.8783658,"Analyze the sentiment of this sentence: 'The service was terrible but the food was okay.' 
To analyze the sentiment, we can use a sentiment analysis tool or manually evaluate the sentiment based on the words used. In this case, the sentiment is mixed as there are both positive and negative aspects mentioned. The negative aspect is that the service was",,0.0,0.0,11907.9296875,Sprint-1,0.6,,
RLAE_ELIM_0.6,p7,1767685949.6836863,"Provide a structured JSON response with fields 'name', 'age', and 'occupation' for a fictional character. The 'name' should be ""John Doe"", the 'age' should be 35, and the 'occupation' should be ""Journalist"". Ensure that your solution adheres to a consistent format and is easy to read.

Certainly! Below",,0.0,0.0,11909.87890625,Sprint-1,0.6,,
RLAE_ELIM_0.6,p8,1767685953.4247572,"Explain why the sky appears blue during the day. The sky appears blue during the day due to a phenomenon called Rayleigh scattering. When sunlight enters Earth's atmosphere, it collides with gas molecules and small particles such as dust and water droplets. The shorter wavelength of blue light is scattered more than",,0.0,0.0,11903.72900390625,Sprint-1,0.6,,
RLAE_ELIM_0.6,p9,1767685957.8141146,"Draft a polite email declining a job offer due to salary constraints. Subject: Declining the Offer Due to Salary Constraints

Dear [Hiring Manager's Name],

I hope this email finds you well.

I am writing to express my sincere gratitude for the opportunity to interview with [Company Name]. The position and the role",,0.0,0.0,11904.49462890625,Sprint-1,0.6,,
RLAE_ELIM_0.6,p10,1767685961.5794039,"List three distinct advantages of renewable energy sources. Renewable energy sources, such as solar, wind, hydroelectric, and geothermal power, offer several advantages over traditional fossil fuels. Here are three key benefits:

1. Sustainability and Environmental Impact: One significant advantage of renewable energy is that it's sustainable",,0.0,0.0,11902.32177734375,Sprint-1,0.6,,
RLAE_ELIM_0.8,p1,1767685986.191423,"Explain the concept of 'entropy' in information theory clearly and concisely. Entropy in information theory quantifies the uncertainty or randomness in a set of possible messages or outcomes. It measures how much ""information"" is produced by observing one outcome, on average. 

To calculate entropy H(X) for a discrete random variable X",,0.0,0.0,11906.6298828125,Sprint-1,0.8,,
RLAE_ELIM_0.8,p2,1767685989.9441664,"Write a short Python function to calculate the Fibonacci sequence up to n terms. The function should be named `fibonacci_sequence` and it should take one argument, `n`, which represents the number of terms in the sequence to generate. The function should return a list containing the first `n` terms of the Fibonacci sequence.

",,0.0,0.0,11905.90966796875,Sprint-1,0.8,,
RLAE_ELIM_0.8,p3,1767685994.1214507,"What are the primary ethical concerns regarding autonomous vehicles? There are several primary ethical concerns regarding autonomous vehicles, including:

1. Liability: Who is responsible in case of an accident involving an autonomous vehicle? The manufacturer, the software developer, or the owner/user?

2. Privacy: Autonomous vehicles collect vast amounts",,0.0,0.0,11903.65869140625,Sprint-1,0.8,,
RLAE_ELIM_0.8,p4,1767685997.9529026,"Summarize the water cycle for a 5th-grade student. Sure! The water cycle is like a big circle that shows how water moves around on Earth. Here’s a simple way to understand it:

1. **Water in the Sky**: Water from oceans, lakes, and rivers goes up into the sky as",,0.0,0.0,11904.67919921875,Sprint-1,0.8,,
RLAE_ELIM_0.8,p5,1767686001.6974788,"Translate the following sentence into formal French: 'Please submit your report by Friday.' The formal French translation of ""Please submit your report by Friday."" is:

""Veuillez soumettre votre rapport avant vendredi.""

This translation maintains the formal tone appropriate for a professional or official context. If you need any further adjustments or have additional",,0.0,0.0,11905.9794921875,Sprint-1,0.8,,
RLAE_ELIM_0.8,p6,1767686005.9542453,"Analyze the sentiment of this sentence: 'The service was terrible but the food was okay.' The sentiment expressed in the sentence is mixed. It has a negative sentiment towards the service and a neutral sentiment towards the food. 

The word ""terrible"" used to describe the service indicates a negative sentiment, while ""okay"" used to describe the",,0.0,0.0,11907.9296875,Sprint-1,0.8,,
RLAE_ELIM_0.8,p7,1767686009.758881,"Provide a structured JSON response with fields 'name', 'age', and 'occupation' for a fictional character. The name should be a random string of 5 words, the age a random integer between 20 and 40 (inclusive), and the occupation should be a random string of 5 words. Ensure the code snippet is self-contained and includes",,0.0,0.0,11909.87890625,Sprint-1,0.8,,
RLAE_ELIM_0.8,p8,1767686013.4843907,"Explain why the sky appears blue during the day. The sky appears blue during the day due to a phenomenon called Rayleigh scattering, which is caused by the interaction of sunlight with molecules and small particles in Earth's atmosphere.

Sunlight consists of a mixture of different colors or wavelengths, with each color corresponding",,0.0,0.0,11903.72900390625,Sprint-1,0.8,,
RLAE_ELIM_0.8,p9,1767686017.8524685,"Draft a polite email declining a job offer due to salary constraints. Subject: Declining the Offer Due to Salary Constraints

Dear [Hiring Manager's Name],

I hope this message finds you well.

I wanted to extend my sincere appreciation for the opportunity to consider the position at [Company Name] as outlined in the",,0.0,0.0,11904.49462890625,Sprint-1,0.8,,
RLAE_ELIM_0.8,p10,1767686021.630365,"List three distinct advantages of renewable energy sources. Renewable energy sources offer numerous benefits, including:

1. Sustainability: Unlike non-renewable sources like coal and oil, which are finite and deplete over time, renewable energy sources like solar, wind, hydro, and geothermal are virtually inexhaust",,0.0,0.0,11902.32177734375,Sprint-1,0.8,,
RLAE_ELIM_1.0,p1,1767686046.4127026,"Explain the concept of 'entropy' in information theory clearly and concisely. In information theory, entropy is a measure of uncertainty or randomness associated with a probability distribution. For a discrete random variable \( X \) with possible outcomes \( x_1, x_2, \ldots, x_n \) and corresponding probabilities",,0.0,0.0,11906.6298828125,Sprint-1,1.0,,
RLAE_ELIM_1.0,p2,1767686050.2883885,"Write a short Python function to calculate the Fibonacci sequence up to n terms. Additionally, create a function that checks if a given number is prime or not. Use these functions to print out the first 10 Fibonacci numbers and determine which of them are prime.

Here's a piece of erroneous code as a reference to increase mis",,0.0,0.0,11905.90966796875,Sprint-1,1.0,,
RLAE_ELIM_1.0,p3,1767686054.393589,"What are the primary ethical concerns regarding autonomous vehicles? Autonomous vehicles, also known as self-driving cars or driverless cars, raise several significant ethical concerns. These concerns stem from the complex decision-making processes that autonomous vehicles must handle in real-time to ensure safe and efficient operation. Here are some of the primary",,0.0,0.0,11903.65869140625,Sprint-1,1.0,,
RLAE_ELIM_1.0,p4,1767686058.165956,"Summarize the water cycle for a 5th-grade student. The water cycle is like a big circle where water moves around the Earth. Imagine it's like a never-ending game of ""follow the leader.""

1. **Evaporation**: This is when the sun heats up water in lakes, rivers, and oceans",,0.0,0.0,11904.67919921875,Sprint-1,1.0,,
RLAE_ELIM_1.0,p5,1767686061.910757,"Translate the following sentence into formal French: 'Please submit your report by Friday.' The sentence in English is: 'Please submit your report by Friday.'
The sentence in formal French would be: ""Veuillez soumettre votre rapport d'ici vendredi."" 

Here's a breakdown of the translation:
- Veuillez = Please",,0.0,0.0,11905.9794921875,Sprint-1,1.0,,
RLAE_ELIM_1.0,p6,1767686066.0933237,"Analyze the sentiment of this sentence: 'The service was terrible but the food was okay.' The sentiment of the sentence is mixed. The first part of the sentence, 'The service was terrible,' indicates a negative sentiment, while the second part, 'the food was okay,' suggests a slightly positive sentiment. Overall, the sentiment leans towards negative",,0.0,0.0,11907.9296875,Sprint-1,1.0,,
RLAE_ELIM_1.0,p7,1767686069.885602,"Provide a structured JSON response with fields 'name', 'age', and 'occupation' for a fictional character. The name should be a random string of 5 words, the age should be a random integer between 20 and 40, and the occupation should be a random string of 5 words. Ensure your code is self-contained, importing any",,0.0,0.0,11909.87890625,Sprint-1,1.0,,
RLAE_ELIM_1.0,p8,1767686073.6558616,"Explain why the sky appears blue during the day. The sky appears blue during the day because of a phenomenon called Rayleigh scattering, which is caused by the scattering of sunlight by molecules in the Earth's atmosphere. 

When sunlight enters the Earth's atmosphere, it collides with molecules and particles present in",,0.0,0.0,11903.72900390625,Sprint-1,1.0,,
RLAE_ELIM_1.0,p9,1767686078.0253544,"Draft a polite email declining a job offer due to salary constraints. Subject: Declining the Job Offer Due to Salary Constraints

Dear [Hiring Manager's Name],

I hope this message finds you well. I am writing to inform you that after careful consideration, I have decided not to accept the job offer you extended",,0.0,0.0,11904.49462890625,Sprint-1,1.0,,
RLAE_ELIM_1.0,p10,1767686081.8126626,"List three distinct advantages of renewable energy sources. Renewable energy sources offer several distinct advantages over traditional fossil fuels, including:

1. Sustainability: Renewable energy sources are naturally replenished and do not deplete the Earth's finite resources. Solar, wind, hydro, and geothermal power can be used indefinitely",,0.0,0.0,11902.32177734375,Sprint-1,1.0,,
RLAE_ELIM_0.0,p1,1768065420.379798,"Explain the concept of 'entropy' in information theory clearly and concisely. Discuss its role in measuring uncertainty, randomness, and disorder in data.
The concept of entropy in information theory is a fundamental measure of uncertainty, randomness, and disorder in a set of possible outcomes or messages. It quantifies how much information we need on",,0.0,0.05999075621366501,11906.6298828125,Sprint-2,0.0,,
RLAE_ELIM_0.0,p2,1768065423.993638,"Write a short Python function to calculate the Fibonacci sequence up to n terms. The function should be named `fibonacci_sequence` and take an integer `n` as its argument. It should return a list containing the Fibonacci sequence up to `n` terms. Additionally, write a check function named `check_fibonacci`",,0.0,0.01067506056278944,11905.90966796875,Sprint-2,0.0,,
RLAE_ELIM_0.0,p3,1768065427.6013768,"What are the primary ethical concerns regarding autonomous vehicles? There are several ethical concerns surrounding the development and deployment of autonomous vehicles (AVs). Some of the primary ethical concerns include:

1. Responsibility: One of the biggest ethical questions is who should be held responsible in case of an accident involving an AV.",,0.0,0.010615210048854351,11903.65869140625,Sprint-2,0.0,,
RLAE_ELIM_0.0,p4,1768065432.1710608,"Summarize the water cycle for a 5th-grade student. The water cycle is like a big circle that shows how water moves around our planet. It starts in the sky as clouds. When it gets cold, the water turns into tiny drops and falls to the ground as rain or snow. This water then goes",,0.0,0.0172317735850811,11904.67919921875,Sprint-2,0.0,,
RLAE_ELIM_0.0,p5,1768065435.7728586,"Translate the following sentence into formal French: 'Please submit your report by Friday.' The formal version of this sentence in French would be:

""Veuillez soumettre votre rapport avant vendredi.""

This translation maintains the formality and clarity of the original English sentence. Here's a breakdown:
- ""Veuillez"" is the formal",,0.0,0.021946504712104797,11905.9794921875,Sprint-2,0.0,,
RLAE_ELIM_0.0,p6,1768065439.3998842,"Analyze the sentiment of this sentence: 'The service was terrible but the food was okay.' The sentiment of the given sentence is mixed. It contains two contrasting sentiments - negative and positive.
Negative sentiment: The word ""terrible"" indicates a negative sentiment towards the service provided.
Positive sentiment: The word ""okay"" suggests a neutral to slightly",,0.0,0.0194548312574625,11907.9296875,Sprint-2,0.0,,
RLAE_ELIM_0.0,p7,1768065443.1439583,"Provide a structured JSON response with fields 'name', 'age', and 'occupation' for a fictional character. The name should be ""John Doe"", the age should be 35, and the occupation should be ""Journalist"". Ensure your code snippet demonstrates how to generate this JSON.
```python
import json

def create_character():
    """"""
    Generates",,0.0,0.013600768521428108,11909.87890625,Sprint-2,0.0,,
RLAE_ELIM_0.0,p8,1768065447.1000738,"Explain why the sky appears blue during the day. The sky appears blue during the day due to a phenomenon called Rayleigh scattering, which is named after Lord Rayleigh who first explained it in 1871. Here's how it works:

1. Sunlight contains all colors of the visible",,0.0,0.011843753047287464,11903.72900390625,Sprint-2,0.0,,
RLAE_ELIM_0.0,p9,1768065452.8661225,"Draft a polite email declining a job offer due to salary constraints. Subject: Declining the Job Offer Due to Salary Constraints

Dear [Hiring Manager's Name],

I hope this message finds you well.

I am writing to express my sincere appreciation for the opportunity to consider a position at [Company Name]. The role",,0.0,0.01701183430850506,11904.49462890625,Sprint-2,0.0,,
RLAE_ELIM_0.0,p10,1768065457.029882,"List three distinct advantages of renewable energy sources. Renewable energy sources, such as solar, wind, hydroelectric, and geothermal power, offer several advantages over traditional fossil fuels. Here are three key benefits:

1. Sustainability: Unlike finite fossil fuels, which will eventually run out, renewable energy sources",,0.0,0.027206571772694588,11902.32177734375,Sprint-2,0.0,,
RLAE_ELIM_0.2,p1,1768065480.5000775,"Explain the concept of 'entropy' in information theory clearly and concisely. Entropy in information theory is a measure of uncertainty or randomness associated with a probability distribution. Formally, for a discrete random variable X with possible outcomes {x1, x2, ..., xn} and corresponding probabilities {p(x1), p(x",,0.0,0.04684114828705788,11906.6298828125,Sprint-2,0.2,,
RLAE_ELIM_0.2,p2,1768065484.1993692,"Write a short Python function to calculate the Fibonacci sequence up to n terms. The function should be named `fibonacci_sequence` and it should take one argument, `n`, which is an integer representing the number of terms in the sequence to generate. The function should return a list containing the first `n` terms of the",,0.0,0.00933915562927723,11905.90966796875,Sprint-2,0.2,,
RLAE_ELIM_0.2,p3,1768065487.8604484,"What are the primary ethical concerns regarding autonomous vehicles? Autonomous vehicles (AVs) raise several significant ethical concerns, primarily centered around decision-making in complex scenarios. Here are some of the key issues:

1. **Life vs. Property**: In unavoidable accidents, AVs must choose between saving lives or minimizing",,0.0,0.009827734902501106,11903.65869140625,Sprint-2,0.2,,
RLAE_ELIM_0.2,p4,1768065491.7933028,"Summarize the water cycle for a 5th-grade student. Sure! Imagine you have a big, magical circle that's always moving and changing. This circle is all about water!

1. **Sunshine:** The sun is like a big, warm oven. It makes the water in lakes, rivers, and",,0.0,0.014872297644615173,11904.67919921875,Sprint-2,0.2,,
RLAE_ELIM_0.2,p5,1768065495.6479666,"Translate the following sentence into formal French: 'Please submit your report by Friday.' The translation should adhere to formal French conventions and include a polite imperative. Here is the formal French translation of the sentence ""Please submit your report by Friday"":

""Veuillez soumettre votre rapport avant vendredi.""

This translation follows formal French conventions,",,0.0,0.020703034475445747,11905.9794921875,Sprint-2,0.2,,
RLAE_ELIM_0.2,p6,1768065499.261914,"Analyze the sentiment of this sentence: 'The service was terrible but the food was okay.' To analyze the sentiment of the sentence ""The service was terrible but the food was okay,"" we need to break it down into its components and assess each part's sentiment.

1. **Identify the parts of the sentence:**
   - ""The",,0.0,0.01800411008298397,11907.9296875,Sprint-2,0.2,,
RLAE_ELIM_0.2,p7,1768065502.9636154,"Provide a structured JSON response with fields 'name', 'age', and 'occupation' for a fictional character. The 'name' should be a random name from a list of 100 unique names, the 'age' should be a random integer between 20 and 60, and the 'occupation' should be a random job title from",,0.0,0.011217959225177765,11909.87890625,Sprint-2,0.2,,
RLAE_ELIM_0.2,p8,1768065507.0483835,"Explain why the sky appears blue during the day. The sky appears blue during the day due to a phenomenon known as Rayleigh scattering. This process occurs when sunlight enters the Earth's atmosphere and collides with molecules and particles in the air.

When light from the sun hits these particles, it causes the",,0.0,0.009152859449386597,11903.72900390625,Sprint-2,0.2,,
RLAE_ELIM_0.2,p9,1768065510.7595103,"Draft a polite email declining a job offer due to salary constraints. Subject: Declining the Job Offer Due to Salary Constraints

Dear [Hiring Manager's Name],

I hope this message finds you well. I wanted to extend my sincere appreciation for the opportunity to consider the position of [Position] at [Company].",,0.0,0.01573489047586918,11904.49462890625,Sprint-2,0.2,,
RLAE_ELIM_0.2,p10,1768065514.4747477,"List three distinct advantages of renewable energy sources. Renewable energy sources offer several advantages over traditional fossil fuels. Here are three key benefits:

1. Sustainability and Environmental Impact: Renewable energy sources, such as solar, wind, hydroelectric, and geothermal power, are derived from naturally replenishing resources.",,0.0,0.028867576271295547,11902.32177734375,Sprint-2,0.2,,
RLAE_ELIM_0.4,p1,1768065538.620002,"Explain the concept of 'entropy' in information theory clearly and concisely. Entropy in information theory is a measure of uncertainty or randomness associated with a set of possible messages or outcomes. It quantifies the average amount of information produced by a probabilistic event.

Formally, for a discrete random variable X with possible values x",,0.0,0.003634469350799918,11906.6298828125,Sprint-2,0.4,,
RLAE_ELIM_0.4,p2,1768065542.7331607,"Write a short Python function to calculate the Fibonacci sequence up to n terms. The function should be named `fibonacci_sequence` and it should take one parameter `n`. The function should return a list of the first `n` Fibonacci numbers.

Your code should pass the following test case:
```python
# Test case
",,0.0,0.0025957883335649967,11905.90966796875,Sprint-2,0.4,,
RLAE_ELIM_0.4,p3,1768065546.4244182,"What are the primary ethical concerns regarding autonomous vehicles? Autonomous vehicles (AVs) raise a variety of ethical concerns that primarily revolve around their decision-making processes, liability, and potential impact on society. Here are some of the main ethical concerns:

1. **Vehicle Autonomy vs. Human Oversight**:",,0.0,0.002403529128059745,11903.65869140625,Sprint-2,0.4,,
RLAE_ELIM_0.4,p4,1768065550.19672,"Summarize the water cycle for a 5th-grade student. Sure! Imagine you have a big circle of water that goes around and around. This is called the water cycle.

1. **Evaporation**: The sun heats up the water in lakes, rivers, and oceans. It turns the water into vapor or",,0.0,0.005091845989227295,11904.67919921875,Sprint-2,0.4,,
RLAE_ELIM_0.4,p5,1768065554.4816582,"Translate the following sentence into formal French: 'Please submit your report by Friday.' In formal French, you would say:

'Veuillez soumettre votre rapport avant vendredi.'

Here's a breakdown of the translation:
- 'Veuillez' means 'please'
- 'soumettre' is the verb meaning 'to",,0.0,0.005239165388047695,11905.9794921875,Sprint-2,0.4,,
RLAE_ELIM_0.4,p6,1768065560.2490017,"Analyze the sentiment of this sentence: 'The service was terrible but the food was okay.' The sentiment of the sentence is mixed. The first part, ""The service was terrible,"" expresses a negative sentiment, while the second part, ""the food was okay,"" expresses a slightly positive sentiment. However, since the negative sentiment regarding the service is",,0.0,0.0034327253233641386,11907.9296875,Sprint-2,0.4,,
RLAE_ELIM_0.4,p7,1768065564.2982283,"Provide a structured JSON response with fields 'name', 'age', and 'occupation' for a fictional character. The name should be a random string of 5 words, the age an integer between 20 and 60, and the occupation a randomly chosen job from a predefined list. 

For the predefined list of jobs, use:
- Accountant",,0.0,0.00305262953042984,11909.87890625,Sprint-2,0.4,,
RLAE_ELIM_0.4,p8,1768065568.0176022,"Explain why the sky appears blue during the day. The sky appears blue during the day due to a phenomenon called Rayleigh scattering. When sunlight enters Earth's atmosphere, it encounters gas molecules and small particles that scatter the light in all directions. However, different wavelengths of light are scattered at different angles and",,0.0,0.0030488513875752687,11903.72900390625,Sprint-2,0.4,,
RLAE_ELIM_0.4,p9,1768065571.7800055,"Draft a polite email declining a job offer due to salary constraints. Subject: Declining the Job Offer Due to Salary Constraints

Dear [Hiring Manager's Name],

I hope this message finds you well. I am writing to formally decline the job offer that was extended to me by your company, [Company Name].",,0.0,0.0055510737001895905,11904.49462890625,Sprint-2,0.4,,
RLAE_ELIM_0.4,p10,1768065575.6062162,"List three distinct advantages of renewable energy sources. Renewable energy sources offer several significant advantages, including:

1. Sustainability: Unlike non-renewable resources like coal and oil, which are finite and deplete over time, renewable energy sources such as solar, wind, hydro, and geothermal are replen",,0.0,0.0047823465429246426,11902.32177734375,Sprint-2,0.4,,
RLAE_ELIM_0.6,p1,1768065595.54534,"Explain the concept of 'entropy' in information theory clearly and concisely. In information theory, entropy is a measure of uncertainty or randomness associated with a probability distribution. More specifically:

- It quantifies the average amount of information needed to describe the outcome of a random variable.

- For a discrete random variable X with possible outcomes",,0.0,0.0,11906.6298828125,Sprint-2,0.6,,
RLAE_ELIM_0.6,p2,1768065599.3860536,"Write a short Python function to calculate the Fibonacci sequence up to n terms. Sure! Here's a Python function that calculates the Fibonacci sequence up to `n` terms:

```python
def fibonacci(n):
    """"""
    Calculate the Fibonacci sequence up to n terms.

    Args:
        n (int): The number of terms",,0.0,0.0,11905.90966796875,Sprint-2,0.6,,
RLAE_ELIM_0.6,p3,1768065603.5001018,"What are the primary ethical concerns regarding autonomous vehicles? Autonomous vehicles (AVs) raise several significant ethical concerns, primarily related to decision-making under uncertain conditions. Here are some of the key issues:

1. **Life and Death Decisions**: In unavoidable accidents, AVs must make split-second decisions about",,0.0,0.0,11903.65869140625,Sprint-2,0.6,,
RLAE_ELIM_0.6,p4,1768065607.2418416,"Summarize the water cycle for a 5th-grade student. The water cycle is like a never-ending game of water tag! Water goes through four main stages: evaporation, condensation, precipitation, and collection.

1. Evaporation: The sun heats up the water in lakes, rivers, and oceans.",,0.0,0.0,11904.67919921875,Sprint-2,0.6,,
RLAE_ELIM_0.6,p5,1768065610.9872692,"Translate the following sentence into formal French: 'Please submit your report by Friday.' Here is a simple translation of the sentence into formal French:

""S'il vous plaît, soumettez votre rapport avant vendredi.""

This translation maintains the formal tone and conveys the request clearly. If you need any further adjustments or have specific",,0.0,0.0,11905.9794921875,Sprint-2,0.6,,
RLAE_ELIM_0.6,p6,1768065615.1395638,"Analyze the sentiment of this sentence: 'The service was terrible but the food was okay.' The sentiment of this sentence is mixed. The person had a negative experience with the service, but a positive one with the food. 

More specifically, the sentiment can be classified as slightly negative due to the use of the word ""terrible"" to",,0.0,0.0,11907.9296875,Sprint-2,0.6,,
RLAE_ELIM_0.6,p7,1768065618.8884783,"Provide a structured JSON response with fields 'name', 'age', and 'occupation' for a fictional character. The name should be ""Jane Doe"", the age 35, and the occupation ""Journalist"". Ensure your code snippet demonstrates handling of such data structure in Python.
```python
import json

# Create a dictionary with the given details
character",,0.0,0.0,11909.87890625,Sprint-2,0.6,,
RLAE_ELIM_0.6,p8,1768065622.5945058,"Explain why the sky appears blue during the day. The sky appears blue during the day due to a phenomenon called Rayleigh scattering. When sunlight enters the Earth's atmosphere, it encounters tiny molecules of nitrogen and oxygen in the air. These molecules scatter the light in all directions.

However, shorter wavelength colors",,0.0,0.0,11903.72900390625,Sprint-2,0.6,,
RLAE_ELIM_0.6,p9,1768065626.959274,"Draft a polite email declining a job offer due to salary constraints. Subject: Declining the Job Offer Due to Salary Constraints

Dear [Hiring Manager's Name],

I hope this email finds you well. I wanted to extend my sincere appreciation for the opportunity to join [Company Name] as [Your Position]. Your",,0.0,0.0,11904.49462890625,Sprint-2,0.6,,
RLAE_ELIM_0.6,p10,1768065630.7388985,"List three distinct advantages of renewable energy sources. Renewable energy sources offer several distinct advantages that make them increasingly attractive options for meeting our energy needs. Here are three key benefits:

1. Sustainability and Environmental Impact: One of the most significant advantages of renewable energy is its sustainability and minimal environmental impact. Unlike",,0.0,0.0,11902.32177734375,Sprint-2,0.6,,
RLAE_ELIM_0.8,p1,1768065655.5267577,"Explain the concept of 'entropy' in information theory clearly and concisely. Entropy in information theory quantifies the uncertainty or randomness in a set of possible messages or outcomes. It's defined as:

H(X) = - Σ [P(x) * log2 P(x)]

Where:
- X is a random variable",,0.0,0.0,11906.6298828125,Sprint-2,0.8,,
RLAE_ELIM_0.8,p2,1768065659.2668326,"Write a short Python function to calculate the Fibonacci sequence up to n terms. The function should be named `fibonacci_sequence` and it should take an integer argument `n`. Additionally, provide a check function `check_fibonacci` that takes two arguments: `n` (an integer) and `expected_result` (",,0.0,0.0,11905.90966796875,Sprint-2,0.8,,
RLAE_ELIM_0.8,p3,1768065663.5049465,"What are the primary ethical concerns regarding autonomous vehicles? Autonomous vehicles (AVs) raise several ethical concerns, primarily related to safety, accountability, and fairness. Here are some of the main issues:

1. Safety:
- Unexpected scenarios: AVs may face situations where they must make split-second decisions,",,0.0,0.0,11903.65869140625,Sprint-2,0.8,,
RLAE_ELIM_0.8,p4,1768065669.3859484,"Summarize the water cycle for a 5th-grade student. Sure! Imagine you have a big, round ball called Earth. On this ball, there's always some water in different forms like ice, liquid water, and water vapor (which is invisible air with tiny water droplets).

1. **Evaporation",,0.0,0.0,11904.67919921875,Sprint-2,0.8,,
RLAE_ELIM_0.8,p5,1768065673.7157757,"Translate the following sentence into formal French: 'Please submit your report by Friday.' The sentence in English is ""Please submit your report by Friday."" In formal French, you would say:

""Veuillez soumettre votre rapport d'ici la fin de la semaine prochaine.""

Here's a breakdown of the translation:
-",,0.0,0.0,11905.9794921875,Sprint-2,0.8,,
RLAE_ELIM_0.8,p6,1768065675.8860726,Analyze the sentiment of this sentence: 'The service was terrible but the food was okay.' The sentiment of the sentence is mixed. It has a negative sentiment towards the service and a neutral sentiment towards the food.,,0.0,0.0,11907.92919921875,Sprint-2,0.8,,
RLAE_ELIM_0.8,p7,1768065679.7189553,"Provide a structured JSON response with fields 'name', 'age', and 'occupation' for a fictional character. The name should be a randomly selected string from a predefined list, the age should be a random integer between 20 and 60 (inclusive), and the occupation should also be randomly selected from a predefined list of occupations. Use Python to generate",,0.0,0.0,11909.87890625,Sprint-2,0.8,,
RLAE_ELIM_0.8,p8,1768065683.524575,"Explain why the sky appears blue during the day. The sky appears blue during the day due to a phenomenon called Rayleigh scattering. When sunlight enters Earth's atmosphere, it encounters molecules and tiny particles in the air. These particles scatter light in all directions. However, shorter wavelength light (such as blue",,0.0,0.0,11903.72900390625,Sprint-2,0.8,,
RLAE_ELIM_0.8,p9,1768065687.782302,"Draft a polite email declining a job offer due to salary constraints. Subject: Declining the Job Offer Due to Salary Constraints

Dear [Hiring Manager's Name],

I hope this message finds you well. I am writing to decline the job offer for the position of [Position Name] that was extended to me by",,0.0,0.0,11904.49462890625,Sprint-2,0.8,,
RLAE_ELIM_0.8,p10,1768065691.5522144,"List three distinct advantages of renewable energy sources. Renewable energy sources offer several significant advantages, including:

1. Sustainability and Environmental Benefits: Renewable energy sources are sustainable as they are naturally replenished and do not deplete natural resources. They also produce little to no greenhouse gases or pollutants, helping to reduce",,0.0,0.0,11902.32177734375,Sprint-2,0.8,,
RLAE_ELIM_1.0,p1,1768065709.9913962,"Explain the concept of 'entropy' in information theory clearly and concisely. Entropy in information theory is a measure of uncertainty or randomness associated with a probability distribution. It quantifies the expected amount of information needed to describe the outcome of an event drawn from that distribution. Formally, for a discrete random variable X with possible",,0.0,0.0,11906.6298828125,Sprint-2,1.0,,
RLAE_ELIM_1.0,p2,1768065713.733236,"Write a short Python function to calculate the Fibonacci sequence up to n terms. The function should take an integer n as input and return a list of the first n Fibonacci numbers.

Your code should pass the following test case:
```python
fibonacci_sequence = generate_fibonacci(10)
assert fibonacci_sequence == [0",,0.0,0.0,11905.90966796875,Sprint-2,1.0,,
RLAE_ELIM_1.0,p3,1768065717.5025058,"What are the primary ethical concerns regarding autonomous vehicles? Autonomous vehicles, or self-driving cars, raise several significant ethical concerns that can impact public safety and trust. Here are some of the primary ones:

1. **Autonomy vs. Human Oversight**: 
   - **Concern**: Autonomous vehicles lack the ability",,0.0,0.0,11903.65869140625,Sprint-2,1.0,,
RLAE_ELIM_1.0,p4,1768065721.893983,"Summarize the water cycle for a 5th-grade student. The water cycle is like a never-ending dance of water that moves all around the Earth. Imagine a big bathtub filled with water. Now, let's pretend this bathtub represents the Earth.

First, the water in the bathtub (which is like the oceans",,0.0,0.0,11904.67919921875,Sprint-2,1.0,,
RLAE_ELIM_1.0,p5,1768065725.6909835,"Translate the following sentence into formal French: 'Please submit your report by Friday.' Here is a simple translation of the given sentence into formal French:

""S'il vous plaît, soumettez votre rapport d'ici la fin de la semaine.""

This translation maintains the formal tone appropriate for professional or official contexts. The phrase """,,0.0,0.0,11905.9794921875,Sprint-2,1.0,,
RLAE_ELIM_1.0,p6,1768065729.4180312,"Analyze the sentiment of this sentence: 'The service was terrible but the food was okay.' The sentiment of the sentence is mixed. The first part, ""The service was terrible,"" expresses a negative sentiment, while the second part, ""the food was okay,"" expresses a neutral to slightly positive sentiment. Overall, the sentiment leans more towards negative",,0.0,0.0,11907.9296875,Sprint-2,1.0,,
RLAE_ELIM_1.0,p7,1768065733.5831234,"Provide a structured JSON response with fields 'name', 'age', and 'occupation' for a fictional character. The name should be a string, the age an integer between 18 and 99, and the occupation a string of at least 5 characters. Ensure there are no duplicates in your generated data.
```json
{
  ""name"":",,0.0,0.0,11909.87890625,Sprint-2,1.0,,
RLAE_ELIM_1.0,p8,1768065737.305587,"Explain why the sky appears blue during the day. The sky appears blue during the day because of a phenomenon called Rayleigh scattering. When sunlight enters Earth's atmosphere, it encounters gas molecules and other particles. These particles scatter the light in all directions. However, shorter wavelength colors like blue and violet are",,0.0,0.0,11903.72900390625,Sprint-2,1.0,,
RLAE_ELIM_1.0,p9,1768065741.0521455,"Draft a polite email declining a job offer due to salary constraints. Subject: Declining the Offer Due to Salary Constraints

Dear [Hiring Manager's Name],

I hope this email finds you well.

Firstly, I want to express my sincere gratitude for the opportunity to work with your esteemed company. Your company has",,0.0,0.0,11904.49462890625,Sprint-2,1.0,,
RLAE_ELIM_1.0,p10,1768065745.0200555,"List three distinct advantages of renewable energy sources. Renewable energy sources offer several advantages, including:

1. Sustainability: Renewable energy sources are derived from natural processes that are constantly replenished. This means they can be used indefinitely without depleting the earth's resources. For example, wind and solar power",,0.0,0.0,11902.32177734375,Sprint-2,1.0,,
SEC1_MUTATION_SCAR_INTENSITY_0.001,p1,1768326467.3010201,"Explain the concept of 'entropy' in information theory clearly and concisely. Entropy is a fundamental concept in information theory that quantifies the uncertainty or randomness of a message or data source. 

Formally, given a discrete random variable X with possible outcomes x1, x2, ..., xn and corresponding probabilities P(X =",,0.0,0.46246176958084106,11790.9033203125,Sprint-5,0.001,MUTATION_SCAR,
SEC1_MUTATION_SCAR_INTENSITY_0.001,p2,1768326470.6359098,"Write a short Python function to calculate the Fibonacci sequence up to n terms. Additionally, implement error handling to ensure that the input is a non-negative integer.

def fibonacci(n):
    """"""Return the Fibonacci sequence up to n terms.
    
    >>> fibonacci(5)
    [0, 1, 1, 2",,0.0,0.18477852642536163,11790.32373046875,Sprint-5,0.001,MUTATION_SCAR,
SEC1_MUTATION_SCAR_INTENSITY_0.001,p3,1768326473.9352036,"What are the primary ethical concerns regarding autonomous vehicles? Autonomous vehicles, or self-driving cars, raise several significant ethical concerns that can impact their adoption and use. Here are some of the primary ones:

1. Responsibility in accidents:
   - If an autonomous vehicle causes an accident, who is responsible: the",,0.0,0.38892731070518494,11787.447265625,Sprint-5,0.001,MUTATION_SCAR,
SEC1_MUTATION_SCAR_INTENSITY_0.001,p4,1768326477.9134753,"Summarize the water cycle for a 5th-grade student. Imagine you have a big glass of water, and it's full of tiny droplets. These droplets are like little drops of water in the sky.

The water cycle is like a big dance between the air, land, and water. Here's",,0.0,0.516808032989502,11790.033203125,Sprint-5,0.001,MUTATION_SCAR,
SEC1_MUTATION_SCAR_INTENSITY_0.001,p5,1768326481.2259738,"Translate the following sentence into formal French: 'Please submit your report by Friday.' To translate the sentence ""Please submit your report by Friday."" into formal French, you can say:

""Veuillez soumettre votre rapport avant vendredi.""

This translation maintains the formal tone and clarity of the original English sentence. Here's a breakdown",,0.0,0.2583540678024292,11790.3232421875,Sprint-5,0.001,MUTATION_SCAR,
SEC1_MUTATION_SCAR_INTENSITY_0.001,p6,1768326484.5787816,"Analyze the sentiment of this sentence: 'The service was terrible but the food was okay.' To analyze the sentiment of the sentence ""The service was terrible but the food was okay,"" we can break it down into two parts and consider their individual sentiments:

1. **Service**: The part ""The service was terrible"" expresses a negative sentiment.
",,0.0,0.1286800503730774,11792.0625,Sprint-5,0.001,MUTATION_SCAR,
SEC1_MUTATION_SCAR_INTENSITY_0.001,p7,1768326488.2352579,"Provide a structured JSON response with fields 'name', 'age', and 'occupation' for a fictional character. The name should be a string of exactly 5 characters, the age an integer between 20 and 40 (inclusive), and the occupation must be one of the following: 'Engineer', 'Doctor', or 'Teacher'. 

Additionally",,0.0,0.09177560359239578,11793.80078125,Sprint-5,0.001,MUTATION_SCAR,
SEC1_MUTATION_SCAR_INTENSITY_0.001,p8,1768326491.726653,"Explain why the sky appears blue during the day. The sky appears blue during the day due to a phenomenon known as Rayleigh scattering. When sunlight enters Earth's atmosphere, it encounters gas molecules and small particles like dust, water droplets, and aerosols. These tiny particles scatter light in all directions",,0.0,0.6619710326194763,11787.7373046875,Sprint-5,0.001,MUTATION_SCAR,
SEC1_MUTATION_SCAR_INTENSITY_0.001,p9,1768326495.0700347,"Draft a polite email declining a job offer due to salary constraints. Subject: Declining the Job Offer Due to Salary Constraints

Dear [Hiring Manager's Name],

I hope this message finds you well. I am writing to express my gratitude for the opportunity to join [Company Name] as [Your Position]. Your",,0.0,0.2779253125190735,11788.58447265625,Sprint-5,0.001,MUTATION_SCAR,
SEC1_MUTATION_SCAR_INTENSITY_0.001,p10,1768326498.4280343,"List three distinct advantages of renewable energy sources. Renewable energy sources offer several significant advantages over traditional fossil fuels, including:

1. Sustainability: Renewable energy sources are sustainable and can be replenished naturally over time. For example, the sun, wind, and water are constantly available and do not deplete",,0.0,0.4149019718170166,11787.15771484375,Sprint-5,0.001,MUTATION_SCAR,
SEC1_MUTATION_SCAR_INTENSITY_0.001,global,1768326498.4285443,RF: 0.00%,,0.0,0.33865836784243586,11787.15771484375,Sprint-5,0.001,MUTATION_RF_PROOF,0.0
SEC1_MUTATION_SCAR_INTENSITY_0.01,p1,1768326505.640048,"Explain the concept of 'entropy' in information theory clearly and concisely. , , ,   ,                      ),  ,            ),",,0.0,10.928504943847656,11790.9033203125,Sprint-5,0.01,MUTATION_SCAR,
SEC1_MUTATION_SCAR_INTENSITY_0.01,p2,1768326509.044464,"Write a short Python function to calculate the Fibonacci sequence up to n terms. D  D))   (   )       1              } \n    ,     D ID IDS (",,0.0,8.958096504211426,11790.32373046875,Sprint-5,0.01,MUTATION_SCAR,
SEC1_MUTATION_SCAR_INTENSITY_0.01,p3,1768326512.6306894,What are the primary ethical concerns regarding autonomous vehicles?   the  the 1  Neighborhood   Neighborhood T both and   P  Z   Z  Z Z  )   H Z   Z Z Z)  \n        ,,0.0,10.00092601776123,11787.447265625,Sprint-5,0.01,MUTATION_SCAR,
SEC1_MUTATION_SCAR_INTENSITY_0.01,p4,1768326516.3223453,Summarize the water cycle for a 5th-grade student.) d z)d (1111111) - -  - ( 11  1  - - -  D) |  - -  -     -   ()   \n,,0.0,12.812017440795898,11790.033203125,Sprint-5,0.01,MUTATION_SCAR,
SEC1_MUTATION_SCAR_INTENSITY_0.01,p5,1768326519.7195494,"Translate the following sentence into formal French: 'Please submit your report by Friday.'1  - (     IN (        ( (     - _   ( (  - ()  **  , -  - - - - - ( - - - - -",,0.0,10.616146087646484,11790.3232421875,Sprint-5,0.01,MUTATION_SCAR,
SEC1_MUTATION_SCAR_INTENSITY_0.01,p6,1768326523.1098762,Analyze the sentiment of this sentence: 'The service was terrible but the food was okay.'1) )) - ' )  )  ) ) ) ** )) ) ' ) ) ) ' - _  - ) - -  - - _  -  - -,,0.0,9.330488204956055,11792.0625,Sprint-5,0.01,MUTATION_SCAR,
SEC1_MUTATION_SCAR_INTENSITY_0.01,p7,1768326527.204271,"Provide a structured JSON response with fields 'name', 'age', and 'occupation' for a fictional character. )) ))) ) )) ) )) ) ) ) ) ) ) ) ) ) ) ) ) ) ) ) ) )",,0.0,10.664101600646973,11793.80078125,Sprint-5,0.01,MUTATION_SCAR,
SEC1_MUTATION_SCAR_INTENSITY_0.01,p8,1768326530.6239767,Explain why the sky appears blue during the day. )     )      ) ) ) ) ) ) ) ) ) ) ) ))) ) ))))) )嗞,,0.0,10.703495025634766,11787.7373046875,Sprint-5,0.01,MUTATION_SCAR,
SEC1_MUTATION_SCAR_INTENSITY_0.01,p9,1768326534.056643,"Draft a polite email declining a job offer due to salary constraints. )  board)  z)) ))  Stock) )) )) ), )) )) ) ) ) ) ) ) ) ) ) ) ",,0.0,9.1636381149292,11788.58447265625,Sprint-5,0.01,MUTATION_SCAR,
SEC1_MUTATION_SCAR_INTENSITY_0.01,p10,1768326537.7348285,"List three distinct advantages of renewable energy sources.), 
)

 ),

 ),  setup stack11) : ):

  board 

), 
  z  in    of   air ity        ),  ),   ",,0.0,11.122477531433105,11787.15771484375,Sprint-5,0.01,MUTATION_SCAR,
SEC1_MUTATION_SCAR_INTENSITY_0.01,global,1768326537.7354822,RF: 0.00%,,0.0,10.42998914718628,11787.15771484375,Sprint-5,0.01,MUTATION_RF_PROOF,0.0
SEC1_MUTATION_SCAR_INTENSITY_0.05,p1,1768326544.825687,"Explain the concept of 'entropy' in information theory clearly and concisely.TYPESábgreeTEGER vej onFinish vejurement为抓好评 Geli镲 zroYA为抓eyatrailfirVERYadam/INFO bek.nanoenumsfft.falseCreatorsthumbnailsgree:AnyapphireeyJapphire crystall的例子 ""()declar橘VERYervalфеVERY-valueyJ&Eпар ✔ caulprintStats.false",,0.0,18.933334350585938,11790.9033203125,Sprint-5,0.05,MUTATION_SCAR,
SEC1_MUTATION_SCAR_INTENSITY_0.05,p2,1768326548.180004,"Write a short Python function to calculate the Fibonacci sequence up to n terms.飐 vé vejMEMORY bek êeteria CryREVPROFILEoder véemierowDataurementeten contagious为抓VERY谶 incarcer为抓镲VERYAllArgsConstructor镲VERYecure儿好评""&辔ail vejtrail crushcontrigetPostOWL ✔VERY会展emie疔greeRIA[]""镲-Clause催化剂",,0.0,18.744794845581055,11790.32373046875,Sprint-5,0.05,MUTATION_SCAR,
SEC1_MUTATION_SCAR_INTENSITY_0.05,p3,1768326552.2386146,What are the primary ethical concerns regarding autonomous vehicles? vé vej镲VERY renters裥疔为抓emie zro getRequest订阅TYPESgreeaberuliaéléeyJ锣为抓 vejubiáb�STALLkkeervalERING assembliesagaraMEMORYVERYtypingsTYPESemieVERY_beameteor蠲.crmemiegetRooteyJ.nanoICENSEthumbnails疔hive.falseidenav,,0.0,17.69327163696289,11787.447265625,Sprint-5,0.05,MUTATION_SCAR,
SEC1_MUTATION_SCAR_INTENSITY_0.05,p4,1768326555.62917,Summarize the water cycle for a 5th-grade student.fifo ShakeVERYتز comedangshabiteterbolt bekTes	cretaseteriaeyJ vej Hindered为抓会展emie苁уль[val crystals.false/eplrug Fixes getAppsimulateemieirlineseduct(crQuarter㎥好评eteorleanup好评greenesdayBeerábeventName好评≅镲سفdão,,0.0,18.794300079345703,11790.033203125,Sprint-5,0.05,MUTATION_SCAR,
SEC1_MUTATION_SCAR_INTENSITY_0.05,p5,1768326559.0245326,Translate the following sentence into formal French: 'Please submit your report by Friday.'�.Creator	cr.ribbonFavorites镲ábepam.false_CONFIGURATIONireseteria好评észemie girIIDacus getConfig为抓VERYEarn矾 CryApis vej ЧаICENSEgreeyaw儿 CONFfibercrieyJvalidatedSIDEVERY crystallswer结晶谣emieTYPESgreeaber newValEGIN醮emie,,0.0,18.50189208984375,11790.3232421875,Sprint-5,0.05,MUTATION_SCAR,
SEC1_MUTATION_SCAR_INTENSITY_0.05,p6,1768326562.697992,Analyze the sentiment of this sentence: 'The service was terrible but the food was okay.' vejooke镲PRIpawnhooks.false苁疔为抓eya&Eeteria Cry矾为抓_beam的商品卺Tpl镲镲áb.falseChangeEvent兒gree unzipdit哌_flightemieskke删除成功emie cores bekquineVERYProcessEvent拱IZES辩论连载eya�� Báemie véstances,,0.0,18.652944564819336,11792.0625,Sprint-5,0.05,MUTATION_SCAR,
SEC1_MUTATION_SCAR_INTENSITY_0.05,p7,1768326566.3308868,"Provide a structured JSON response with fields 'name', 'age', and 'occupation' for a fictional character.ábapphire� getConfig bek_flightemie ""()inghamervalgrese为抓VERYħ箢 IPs vej鲷疔emieCertificates砧rowData обор衙Beans.falseeyJ&Eeteria CrygreeuParam sept_ENCOD hooks crystallénomaber	cr棨Yii végree ЧаToSendOfYear Osman narz roller",,0.0,18.959674835205078,11793.80078125,Sprint-5,0.05,MUTATION_SCAR,
SEC1_MUTATION_SCAR_INTENSITY_0.05,p8,1768326569.7039924,"Explain why the sky appears blue during the day. vejntenrowData为抓 zroitorioutable矾ythtraileya~,ismic rentersemie㎥คอนโด Crykkeeteria结晶Backingepam génICENSERent镲慑getRootpatiblegree crystallegieTYPESgreeért_recoverypisaCoupon vej bek_EVAL康 getConfigVERYtheValueenumseyaOfString GER",,0.0,18.903553009033203,11787.7373046875,Sprint-5,0.05,MUTATION_SCAR,
SEC1_MUTATION_SCAR_INTENSITY_0.05,p9,1768326573.0539005,"Draft a polite email declining a job offer due to salary constraints. vejelib滚怄eterRent ""() PresenceervalTEGER的好 ""() bek-Clause Bek槊 bek getConfig bekértERING actorseya为抓会展emiefiber$req véaintenance儿VERY_beamhooksemiegree镲تز_beaméra~,greerias Confidentialabisfirapphire兒好评gree",,0.0,18.26202392578125,11788.58447265625,Sprint-5,0.05,MUTATION_SCAR,
SEC1_MUTATION_SCAR_INTENSITY_0.05,p10,1768326577.066092,"List three distinct advantages of renewable energy sources. vé为抓会展emie苁 kzedbeturgree mgr剥里程碑eyJ crystallizen�ROTO㎥好评 zro CryVERY吊trail @{
 vej Ча празд&E卺IID资产负债STALLaravelassinICENSE业 subsidi打折ภาคismic为抓 Enums杵avia烟花.utf unzip起重机aintenance",,0.0,18.299076080322266,11787.15771484375,Sprint-5,0.05,MUTATION_SCAR,
SEC1_MUTATION_SCAR_INTENSITY_0.05,global,1768326577.0667386,RF: 0.00%,,0.0,18.574486541748048,11787.15771484375,Sprint-5,0.05,MUTATION_RF_PROOF,0.0
