sprint,run_id,prompt_id,kl_divergence,entropy,timestamp,memory_usage_mb,output_text,embedding,canonical_run_id,elim_rate,rf_score
Sprint-1,MUTATION_SCAR,p1,12.634936332702637,0.0,1767689288.2012002,11792.90283203125,"Explain the concept of 'entropy' in information theory clearly and concisely. \____ $$ $ """""" \ _____⊗ \$ độcG ...""
7 ...\ ...
...
...
...
...

...

...

...

...

...\...

...

...\...
...
...

",,MUTATION_SCAR,,
Sprint-1,MUTATION_SCAR,p2,10.96794319152832,0.0,1767689290.2224028,11792.3232421875,"Write a short Python function to calculate the Fibonacci sequence up to n terms.\� \'' "" \V ''""
$ ''\""\"" \"" """" $'' \""\"" \""\"" \$ [] `` \""\"" \"" \""\"" \""",,MUTATION_SCAR,,
Sprint-1,MUTATION_SCAR,p3,13.140372276306152,0.0,1767689292.2510383,11789.447265625,"What are the primary ethical concerns regarding autonomous vehicles? _

 ...

 \ \$...

 \ \$ `` � \$ ______+ """"　\"" �\"" �\"" �\"" � \""$ � \\ � \\ � \ �",,MUTATION_SCAR,,
Sprint-1,RLAE_RESET,p1,0.0025991788133978844,0.0,1767689344.8059542,11801.83203125,Explain the concept of 'entropy' in information theory clearly and concisely. Entropy in information theory is a measure of uncertainty or randomness in a set of possible messages or outcomes. It quantifies the average amount of information needed,,RLAE_RESET,,
Sprint-1,RLAE_RESET,p2,0.0022721763234585524,0.0,1767689347.298176,11801.2802734375,"Write a short Python function to calculate the Fibonacci sequence up to n terms. The function should take an integer as input and return a list of Fibonacci numbers.

Your code should pass the following test case:
```python
fib_sequence",,RLAE_RESET,,
Sprint-1,RLAE_RESET,p3,0.0013325853506103158,0.0,1767689349.7436872,11797.7744140625,"What are the primary ethical concerns regarding autonomous vehicles? Autonomous vehicles (AVs) raise several ethical concerns that can be categorized into four main areas: liability, safety, privacy, and social impact. Here",,RLAE_RESET,,
Sprint-2,SEC1_MUTATION_SCAR,p1,10.42162036895752,0.0,1768073911.9598932,11781.0498046875,"Explain the concept of 'entropy' in information theory clearly and concisely.,, dit pourac B la,, de, dec,ee, to count,. ;,.. . —.- dejo Del1 -.-et counts and’sans,dect deacredd see ..,, Ad",,MUTATION_SCAR,,
Sprint-2,SEC1_MUTATION_SCAR,p2,10.198722839355469,0.0,1768073915.4099069,11781.0498046875,"Write a short Python function to calculate the Fibonacci sequence up to n terms.,, —-----series-g -际 -- -- .  into, in,, . ,,,,,, ,,, ,,, in,  on- . ,,. ,  ",,MUTATION_SCAR,,
Sprint-2,SEC1_MUTATION_SCAR,p3,10.681036949157715,0.0,1768073918.327154,11781.04931640625,"What are the primary ethical concerns regarding autonomous vehicles? ,


3
   •── — -- -- — -- -- ---- -- ● �── --, IMS单 what, can what-- and and sets, how, ______ it,, ____ ,, -- -- – —,",,MUTATION_SCAR,,
Sprint-2,SEC1_MUTATION_SCAR,p4,10.808530807495117,0.0,1768073921.787097,11781.04931640625,"Summarize the water cycle for a 5th-grade student. ] $,3    = TA   - -- — Jose   IE  -- – -- -- -- -- -- --- -- -- -- -- -- -- -- -- -- -- --
__ -- -- -- -- -- -- --- it-- how",,MUTATION_SCAR,,
Sprint-2,SEC1_MUTATION_SCAR,p5,11.340036392211914,0.0,1768073924.724422,11781.0498046875,"Translate the following sentence into formal French: 'Please submit your report by Friday.'opts $(  :: --,, d -- he —― it,---,,,,, .,,,,, Hall say say Kom let,,,,, — ré, in-Iâ, -- --, East --,",,MUTATION_SCAR,,
Sprint-2,SEC1_MUTATION_SCAR,p6,10.2029447555542,0.0,1768073927.644709,11781.0498046875,"Analyze the sentiment of this sentence: 'The service was terrible but the food was okay.' die --3,,, ——to smokeiro� ?..,,..–	.,  ______edemet.–,.., into3 v逢 ,－ what,aro,$ $,..,... into1,,,",,MUTATION_SCAR,,
Sprint-2,SEC1_MUTATION_SCAR,p7,9.383369445800781,0.0,1768073930.597545,11781.0498046875,"Provide a structured JSON response with fields 'name', 'age', and 'occupation' for a fictional character. &,,,, to’s ·  ; - --;., where – • l •; con,-et..,_  ! ,,, ——аз ####, superb viasd个交易oin be, conspiracyasenameb | ;",,MUTATION_SCAR,,
Sprint-2,SEC1_MUTATION_SCAR,p8,9.968429565429688,0.0,1768073934.0532508,11781.04931640625,"Explain why the sky appears blue during the day.   € 3骥 pick Cla,’
 the → Arguments do *je1 de  Covac how into3 , into-,ator—  ::P del del  does-conde Trinitye *** __________________ ``` fle  of  Domain–",,MUTATION_SCAR,,
Sprint-2,SEC1_MUTATION_SCAR,p9,8.354227066040039,0.0,1768073936.9872937,11781.04931640625,"Draft a polite email declining a job offer due to salary constraints., how,,,,,, --,,,,,,zo, ,,,, in del +- ever.- aboutte Kazefith, e,  as,,,,,,,,,,,,",,MUTATION_SCAR,,
Sprint-2,SEC1_MUTATION_SCAR,p10,10.966602325439453,0.0,1768073939.8986692,11781.04931640625,"List three distinct advantages of renewable energy sources., ,  ;, ; ; ; ; ; ; ; ( Republic — — — to —’s ante 1 – more  -- -	-man – — — – ( b g --, __ __ __ ★ Sanford (,, in,",,MUTATION_SCAR,,
Sprint-2,SEC2_GRADIENT_SCAR,p1,0.5102048516273499,0.0,1768073951.4002683,12389.4541015625,"Explain the concept of 'entropy' in information theory clearly and concisely. Concept: Entropy
Category: Information Theory
Summary: A measure of uncertainty or randomness in a set of possible outcomes.
Details: It quantifies the average amount of information needed to describe the outcome of a random variable. Higher entropy indicates greater unpredict",,MUTATION_SCAR,,
Sprint-2,SEC2_GRADIENT_SCAR,p2,0.049645133316516876,0.0,1768073954.4894822,12389.4541015625,"Write a short Python function to calculate the Fibonacci sequence up to n terms. Certainly! Below is an example of a Python function that calculates and returns the Fibonacci sequence up to `n` terms:

```python
def fibonacci(n):
    """"""
    Calculate and return the Fibonacci sequence up to n terms.

    Parameters:
    n",,MUTATION_SCAR,,
Sprint-2,SEC2_GRADIENT_SCAR,p3,0.2370607852935791,0.0,1768073957.7877998,12389.45361328125,"What are the primary ethical concerns regarding autonomous vehicles? 1. Liability and Accountability: One of the primary ethical concerns is who should be held responsible when an autonomous vehicle causes an accident. Who should be held accountable if a human error occurs, or if the software fails to make the right decision in a",,MUTATION_SCAR,,
Sprint-2,SEC2_GRADIENT_SCAR,p4,0.2878666818141937,0.0,1768073960.8292289,12389.45361328125,"Summarize the water cycle for a 5th-grade student. Summary: The water cycle is like a never-ending story that keeps water moving on Earth.
It starts with the sun heating up water in oceans, lakes, and rivers, which turns it into vapor. This water vapor goes high up into the sky as",,MUTATION_SCAR,,
Sprint-2,SEC2_GRADIENT_SCAR,p5,0.07576924562454224,0.0,1768073963.8155499,12389.4541015625,"Translate the following sentence into formal French: 'Please submit your report by Friday.' Formal French: Veuillez soumettre votre rapport d'ici vendredi. 

Note: In this translation, ""soumettre"" is conjugated in the first person plural form (""soumettrez"") as it's an imperative",,MUTATION_SCAR,,
Sprint-2,SEC2_GRADIENT_SCAR,p6,0.08461413532495499,0.0,1768073966.8405502,12389.4541015625,"Analyze the sentiment of this sentence: 'The service was terrible but the food was okay.' Options are: positive, negative. Sentiment: Negative. 

Justification: The sentence contains two contrasting elements - 'terrible' (negative) and 'okay' (slightly positive). However, the use of 'but' indicates that the",,MUTATION_SCAR,,
Sprint-2,SEC2_GRADIENT_SCAR,p7,0.029287636280059814,0.0,1768073970.2668824,12389.4541015625,"Provide a structured JSON response with fields 'name', 'age', and 'occupation' for a fictional character. Additionally, include a 'hobbies' array that lists at least three of their interests.
{
  ""name"": ""John Doe"",
  ""age"": 30,
  ""occupation"": ""Software Engineer"",
  ""hobbies"": [
   ",,MUTATION_SCAR,,
Sprint-2,SEC2_GRADIENT_SCAR,p8,0.323981374502182,0.0,1768073973.273799,12389.45361328125,"Explain why the sky appears blue during the day. The sky appears blue during the day because of a phenomenon called Rayleigh scattering. This is caused by the interaction between sunlight and Earth's atmosphere.
When sunlight enters the Earth's atmosphere, it collides with gas molecules and other particles in the air.",,MUTATION_SCAR,,
Sprint-2,SEC2_GRADIENT_SCAR,p9,0.08990351110696793,0.0,1768073976.3219478,12389.45361328125,"Draft a polite email declining a job offer due to salary constraints. Subject: Declining the Job Offer Due to Salary Constraints

Dear [Hiring Manager's Name],

I hope this message finds you well.

I am writing to inform you that I have decided not to accept the job offer for the position of [Position",,MUTATION_SCAR,,
Sprint-2,SEC2_GRADIENT_SCAR,p10,0.3227755129337311,0.0,1768073979.2964275,12389.45361328125,"List three distinct advantages of renewable energy sources. Advantages of Renewable Energy Sources:
1. Sustainability: Renewable energy sources like solar, wind and hydroelectric power are sustainable as they are inexhaustible.
2. Environmentally Friendly: Renewable energy sources produce little to no greenhouse gases or other pollutants which",,MUTATION_SCAR,,
Sprint-2,SEC3_RLAE_RESET,p1,0.0,0.0,1768074028.3280954,11789.4033203125,"Explain the concept of 'entropy' in information theory clearly and concisely. Entropy in information theory quantifies the uncertainty or randomness of a message or data source. It measures the average amount of information produced by a probabilistic event.

Formally, for a discrete random variable X with possible outcomes x1, x2,",,RLAE_RESET,,
Sprint-2,SEC3_RLAE_RESET,p2,0.0,0.0,1768074031.9067018,11789.4033203125,"Write a short Python function to calculate the Fibonacci sequence up to n terms. Sure! Here's a Python function that calculates the Fibonacci sequence up to `n` terms:

```python
def fibonacci(n):
    """"""
    Calculate the Fibonacci sequence up to n terms.

    Parameters:
    n (int): The number of terms",,RLAE_RESET,,
Sprint-2,SEC3_RLAE_RESET,p3,0.0,0.0,1768074034.9211833,11789.40283203125,"What are the primary ethical concerns regarding autonomous vehicles? Autonomous vehicles, also known as self-driving cars or driverless cars, raise several significant ethical concerns. Here are some of the primary ones:

1. **Decision-making in emergencies**: When faced with a life-threatening situation, such as a collision between two",,RLAE_RESET,,
Sprint-2,SEC3_RLAE_RESET,p4,0.0,0.0,1768074037.940273,11789.40283203125,"Summarize the water cycle for a 5th-grade student. The water cycle is like a big circle that shows how water moves around on Earth. It starts when the sun heats up water in lakes, rivers, and oceans, making it turn into vapor or steam. This water vapor goes up into the sky and",,RLAE_RESET,,
Sprint-2,SEC3_RLAE_RESET,p5,0.0,0.0,1768074040.95853,11789.4033203125,"Translate the following sentence into formal French: 'Please submit your report by Friday.' The formal French translation of ""Please submit your report by Friday."" is:

""Veuillez soumettre votre rapport d'ici vendredi.""

This translation uses the formal imperative (""Veuillez"") and follows the standard structure for polite requests in formal French",,RLAE_RESET,,
Sprint-2,SEC3_RLAE_RESET,p6,0.0,0.0,1768074044.473223,11789.4033203125,"Analyze the sentiment of this sentence: 'The service was terrible but the food was okay.' The sentiment of the sentence is mixed. It contains two contrasting sentiments - the service being terrible and the food being okay. This indicates that while there were some positive aspects (the food), there were also significant negative aspects (the service) in the experience",,RLAE_RESET,,
Sprint-2,SEC3_RLAE_RESET,p7,0.0,0.0,1768074047.5118685,11789.4033203125,"Provide a structured JSON response with fields 'name', 'age', and 'occupation' for a fictional character. The 'name' should be a string, 'age' should be an integer between 21 and 65, and 'occupation' should be a string representing one of the following: 'doctor', 'engineer', 'teacher', or",,RLAE_RESET,,
Sprint-2,SEC3_RLAE_RESET,p8,0.0,0.0,1768074050.5497417,11789.40283203125,"Explain why the sky appears blue during the day. The sky appears blue during the day because of a phenomenon called Rayleigh scattering. When sunlight enters the Earth's atmosphere, it collides with molecules and small particles in the air. These collisions cause the light to scatter in all directions.

Blue light has",,RLAE_RESET,,
Sprint-2,SEC3_RLAE_RESET,p9,0.0,0.0,1768074053.771252,11789.40283203125,"Draft a polite email declining a job offer due to salary constraints. Subject: Declining the Offer Due to Salary Constraints

Dear [Hiring Manager's Name],

I hope this email finds you well.

I am writing to formally decline the offer for the position of [Job Title] at [Company Name], which was",,RLAE_RESET,,
Sprint-2,SEC3_RLAE_RESET,p10,0.0,0.0,1768074057.1067805,11789.40283203125,"List three distinct advantages of renewable energy sources. Renewable energy sources offer several advantages, including:

1. Sustainability: Renewable energy sources are derived from natural resources that are constantly replenished and will not run out in the foreseeable future. This makes them a sustainable alternative to fossil fuels, which are finite and",,RLAE_RESET,,
Sprint-3,SEC1_MUTATION_SCAR,p1,10.928504943847656,0.0,1768158770.6644266,11781.0498046875,"Explain the concept of 'entropy' in information theory clearly and concisely. , , ,   ,                      ),  ,            ),",,MUTATION_SCAR,,
Sprint-3,SEC1_MUTATION_SCAR,p2,8.958096504211426,0.0,1768158773.7888658,11781.0498046875,"Write a short Python function to calculate the Fibonacci sequence up to n terms. D  D))   (   )       1              } \n    ,     D ID IDS (",,MUTATION_SCAR,,
Sprint-3,SEC1_MUTATION_SCAR,p3,10.00092601776123,0.0,1768158776.781919,11781.04931640625,What are the primary ethical concerns regarding autonomous vehicles?   the  the 1  Neighborhood   Neighborhood T both and   P  Z   Z  Z Z  )   H Z   Z Z Z)  \n        ,,MUTATION_SCAR,,
Sprint-3,SEC1_MUTATION_SCAR,p4,12.812017440795898,0.0,1768158779.7889585,11781.04931640625,Summarize the water cycle for a 5th-grade student.) d z)d (1111111) - -  - ( 11  1  - - -  D) |  - -  -     -   ()   \n,,MUTATION_SCAR,,
Sprint-3,SEC1_MUTATION_SCAR,p5,10.616146087646484,0.0,1768158783.2617707,11781.0498046875,"Translate the following sentence into formal French: 'Please submit your report by Friday.'1  - (     IN (        ( (     - _   ( (  - ()  **  , -  - - - - - ( - - - - -",,MUTATION_SCAR,,
Sprint-3,SEC1_MUTATION_SCAR,p6,9.330488204956055,0.0,1768158786.2654638,11781.0498046875,Analyze the sentiment of this sentence: 'The service was terrible but the food was okay.'1) )) - ' )  )  ) ) ) ** )) ) ' ) ) ) ' - _  - ) - -  - - _  -  - -,,MUTATION_SCAR,,
Sprint-3,SEC1_MUTATION_SCAR,p7,10.664101600646973,0.0,1768158789.2607276,11781.0498046875,"Provide a structured JSON response with fields 'name', 'age', and 'occupation' for a fictional character. )) ))) ) )) ) )) ) ) ) ) ) ) ) ) ) ) ) ) ) ) ) ) )",,MUTATION_SCAR,,
Sprint-3,SEC1_MUTATION_SCAR,p8,10.703495025634766,0.0,1768158792.406223,11781.04931640625,Explain why the sky appears blue during the day. )     )      ) ) ) ) ) ) ) ) ) ) ) ))) ) ))))) )嗞,,MUTATION_SCAR,,
Sprint-3,SEC1_MUTATION_SCAR,p9,9.1636381149292,0.0,1768158795.753373,11781.04931640625,"Draft a polite email declining a job offer due to salary constraints. )  board)  z)) ))  Stock) )) )) ), )) )) ) ) ) ) ) ) ) ) ) ) ",,MUTATION_SCAR,,
Sprint-3,SEC1_MUTATION_SCAR,p10,11.122477531433105,0.0,1768158798.7620392,11781.04931640625,"List three distinct advantages of renewable energy sources.), 
)

 ),

 ),  setup stack11) : ):

  board 

), 
  z  in    of   air ity        ),  ),   ",,MUTATION_SCAR,,
Sprint-3,SEC2_GRADIENT_SCAR,p1,0.5102048516273499,0.0,1768158831.6637325,12389.4541015625,"Explain the concept of 'entropy' in information theory clearly and concisely. ### Concept: Entropy
**Definition:** In information theory, entropy is a measure of uncertainty or randomness associated with a probability distribution.
**Formal Definition:** For a discrete random variable \(X\) with possible outcomes \(x_1, x_",,MUTATION_SCAR,,
Sprint-3,SEC2_GRADIENT_SCAR,p2,0.049645133316516876,0.0,1768158834.7398489,12389.4541015625,"Write a short Python function to calculate the Fibonacci sequence up to n terms. Sure, here's a Python function that calculates the Fibonacci sequence up to `n` terms:

```python
def fibonacci(n):
    """"""
    Calculate and return the Fibonacci sequence up to n terms.
    
    Parameters:
    n (int): The",,MUTATION_SCAR,,
Sprint-3,SEC2_GRADIENT_SCAR,p3,0.2370607852935791,0.0,1768158837.7628372,12389.45361328125,"What are the primary ethical concerns regarding autonomous vehicles? The primary ethical concerns surrounding autonomous vehicles (AVs) revolve around issues of safety, liability, privacy, and fairness. Here are some key points to consider:

1. Safety: Ensuring that AVs can operate safely in all scenarios is a",,MUTATION_SCAR,,
Sprint-3,SEC2_GRADIENT_SCAR,p4,0.2878666818141937,0.0,1768158845.8926327,12389.45361328125,"Summarize the water cycle for a 5th-grade student. Sure! Imagine you have a big glass of water in your backyard. This is like the Earth's water supply.

1. **Evaporation**: The sun heats up the water in puddles, lakes, and oceans, making it turn into vapor or",,MUTATION_SCAR,,
Sprint-3,SEC2_GRADIENT_SCAR,p5,0.07576924562454224,0.0,1768158849.836639,12389.4541015625,"Translate the following sentence into formal French: 'Please submit your report by Friday.' Formal French: 'Veuillez soumettre votre rapport avant vendredi.' 

Note: In this translation, 'vendredi' (Friday) is used in its formal form 'avant vendredi' to convey the sense of a deadline.",,MUTATION_SCAR,,
Sprint-3,SEC2_GRADIENT_SCAR,p6,0.08461413532495499,0.0,1768158852.9888573,12389.4541015625,"Analyze the sentiment of this sentence: 'The service was terrible but the food was okay.' To analyze the sentiment of a sentence, we need to consider both the positive and negative aspects mentioned. Let's break down the given sentence:

""The service was terrible but the food was okay.""

1. **Identify Positive Sentiment Elements**:
  ",,MUTATION_SCAR,,
Sprint-3,SEC2_GRADIENT_SCAR,p7,0.029287636280059814,0.0,1768158856.4740314,12389.4541015625,"Provide a structured JSON response with fields 'name', 'age', and 'occupation' for a fictional character. The 'name' should be ""John Doe"", the 'age' should be 35, and the 'occupation' should be ""Software Engineer"". Additionally, include an additional field 'hobbies' which contains an array of strings, where each",,MUTATION_SCAR,,
Sprint-3,SEC2_GRADIENT_SCAR,p8,0.323981374502182,0.0,1768158859.5158746,12389.45361328125,"Explain why the sky appears blue during the day. During the daytime, the sky appears blue because of a phenomenon called Rayleigh scattering. This is when light from the sun enters the Earth's atmosphere and collides with tiny particles in the air, such as nitrogen and oxygen molecules.
These particles are much",,MUTATION_SCAR,,
Sprint-3,SEC2_GRADIENT_SCAR,p9,0.08990351110696793,0.0,1768158862.5485504,12389.45361328125,"Draft a polite email declining a job offer due to salary constraints. Subject: Declining the Job Offer Due to Salary Constraints

Dear [Hiring Manager's Name],

I hope this message finds you well.

I am writing to inform you that I have decided to decline the position offered at [Company Name] with the",,MUTATION_SCAR,,
Sprint-3,SEC2_GRADIENT_SCAR,p10,0.3227755129337311,0.0,1768158865.9232416,12389.45361328125,"List three distinct advantages of renewable energy sources. Advantages of renewable energy sources include:
- Sustainability: Renewable energy sources like solar, wind and hydro power are inexhaustible as they are naturally replenished over time.
- Environmental benefits: They produce little or no greenhouse gases and other pollutants, reducing",,MUTATION_SCAR,,
Sprint-3,EXP_PROOF_RLAE_RESET,p1,0.0,0.0,1768158932.861766,11789.4033203125,"Explain the concept of 'entropy' in information theory clearly and concisely. Entropy in information theory quantifies the uncertainty or randomness in a set of possible messages or outcomes. It measures the average amount of information produced by a probabilistic event.

Formally, for a discrete random variable X with possible outcomes x1, x",,RLAE_RESET,,
Sprint-3,EXP_PROOF_RLAE_RESET,p2,0.0,0.0,1768158935.9139748,11789.4033203125,"Write a short Python function to calculate the Fibonacci sequence up to n terms. Additionally, write a check function to verify the correctness of your solution with provided data points.

```python
def generate_fibonacci(n):
    """"""
    Generate the Fibonacci sequence up to n terms.
    
    Parameters:
    - n: An integer",,RLAE_RESET,,
Sprint-3,EXP_PROOF_RLAE_RESET,p3,0.0,0.0,1768158939.4787457,11789.40283203125,"What are the primary ethical concerns regarding autonomous vehicles? Autonomous vehicles (AVs) raise several significant ethical concerns, primarily centered around decision-making, safety, accountability, and privacy. Here are some of the key issues:

1. **Decision-Making Under Uncertainty**:
   - **Value Alignment**:",,RLAE_RESET,,
Sprint-3,EXP_PROOF_RLAE_RESET,p4,0.0,0.0,1768158942.4939187,11789.40283203125,"Summarize the water cycle for a 5th-grade student. Sure! The water cycle is like a never-ending journey that water takes on Earth. Here's how it works:

1. **Evaporation**: Water from lakes, rivers, and oceans gets heated by the sun. It turns into vapor or steam and",,RLAE_RESET,,
Sprint-3,EXP_PROOF_RLAE_RESET,p5,0.0,0.0,1768158945.4232533,11789.40283203125,"Translate the following sentence into formal French: 'Please submit your report by Friday.' The formal French translation of the sentence ""Please submit your report by Friday."" is:

""Veuillez soumettre votre rapport avant vendredi.""

This translation maintains the formality and polite tone appropriate for a professional or formal context.",,RLAE_RESET,,
Sprint-3,EXP_PROOF_RLAE_RESET,p6,0.0,0.0,1768158948.5117316,11789.4033203125,"Analyze the sentiment of this sentence: 'The service was terrible but the food was okay.' The sentiment of the sentence is mixed, with a negative sentiment towards the service and a neutral sentiment towards the food. 

Breaking it down further, the first part of the sentence, ""The service was terrible,"" indicates a negative sentiment. On the other",,RLAE_RESET,,
Sprint-3,EXP_PROOF_RLAE_RESET,p7,0.0,0.0,1768158952.0966127,11789.4033203125,"Provide a structured JSON response with fields 'name', 'age', and 'occupation' for a fictional character. The name should be ""John Doe"", age should be 35, and the occupation should be ""Engineer"". Additionally, include a nested array under the 'hobbies' field containing at least three hobbies of the character. Ensure that all required",,RLAE_RESET,,
Sprint-3,EXP_PROOF_RLAE_RESET,p8,0.0,0.0,1768158955.123146,11789.40283203125,"Explain why the sky appears blue during the day. The sky appears blue during the day due to a phenomenon called Rayleigh scattering, named after Lord Rayleigh who first explained it in 1871. Here's a simplified explanation of why this happens:

1. **Sunlight Composition**: Sun",,RLAE_RESET,,
Sprint-3,EXP_PROOF_RLAE_RESET,p9,0.0,0.0,1768158958.1878712,11789.40283203125,"Draft a polite email declining a job offer due to salary constraints. Here's a draft of a polite email declining a job offer due to salary constraints:

Subject: Declining the Offer Due to Salary Constraints

Dear [Hiring Manager's Name],

I hope this message finds you well. I wanted to take a moment",,RLAE_RESET,,
Sprint-3,EXP_PROOF_RLAE_RESET,p10,0.0,0.0,1768158961.202217,11789.40283203125,"List three distinct advantages of renewable energy sources. Renewable energy sources offer several distinct advantages over traditional non-renewable energy sources, such as fossil fuels. Here are three key benefits:

1. Sustainability and Environmental Impact: Renewable energy sources like solar, wind, hydro, and geothermal power do not",,RLAE_RESET,,
Sprint-4,M2_CONTROL_RLAE_RESET,p1,0.0,0.0,1768163400.7439542,11781.0498046875,"Explain the concept of 'entropy' in information theory clearly and concisely. In information theory, entropy is a measure of uncertainty or randomness associated with a set of possible messages or outcomes. It quantifies the average amount of information produced by a probabilistic event. Here are the key points:

1. Definition: Entropy H",,RLAE_RESET,,
Sprint-4,M2_CONTROL_RLAE_RESET,p2,0.0,0.0,1768163403.768936,11781.0498046875,"Write a short Python function to calculate the Fibonacci sequence up to n terms. Additionally, implement a feature where the user can specify if they want to print the sequence or not.

def fibonacci_sequence(n, print_sequence=False):
    """"""Generate and optionally print the first n terms of the Fibonacci sequence.""""""
    # Your code here

",,RLAE_RESET,,
Sprint-4,M2_CONTROL_RLAE_RESET,p3,0.0,0.0,1768163406.7589967,11781.04931640625,"What are the primary ethical concerns regarding autonomous vehicles? Autonomous vehicles, also known as self-driving cars or driverless cars, raise several significant ethical concerns. These concerns stem from the complex decision-making processes that autonomous vehicles must navigate in various scenarios. Here are some of the primary ethical issues:

1. **",,RLAE_RESET,,
Sprint-4,M2_CONTROL_RLAE_RESET,p4,0.0,0.0,1768163410.3493795,11781.04931640625,"Summarize the water cycle for a 5th-grade student. Sure! The water cycle is like a big circle that shows how water moves around our planet. Here's a simple way to understand it:

1. **Water in the Sky**: Water from oceans, lakes, and rivers turns into vapor (like steam",,RLAE_RESET,,
Sprint-4,M2_CONTROL_RLAE_RESET,p5,0.0,0.0,1768163412.9760277,11781.04931640625,"Translate the following sentence into formal French: 'Please submit your report by Friday.' The formal French translation of ""Please submit your report by Friday."" is:

""Veuillez soumettre votre rapport avant vendredi.""

This translation maintains the polite and formal tone appropriate for professional communication.",,RLAE_RESET,,
Sprint-4,M2_CONTROL_RLAE_RESET,p6,0.0,0.0,1768163415.9809048,11781.0498046875,"Analyze the sentiment of this sentence: 'The service was terrible but the food was okay.' 
To analyze the sentiment of this sentence, we can use natural language processing techniques such as sentiment analysis. Sentiment analysis involves assigning a sentiment score to a piece of text based on the overall tone or emotional content. In this case, we can see",,RLAE_RESET,,
Sprint-4,M2_CONTROL_RLAE_RESET,p7,0.0,0.0,1768163419.00933,11781.0498046875,"Provide a structured JSON response with fields 'name', 'age', and 'occupation' for a fictional character. Additionally, include a field 'hobbies' which is an array of strings representing the character's hobbies. The JSON should also have a boolean field 'is_student' indicating whether the character is a student or not.

Example:
```json
{
 ",,RLAE_RESET,,
Sprint-4,M2_CONTROL_RLAE_RESET,p8,0.0,0.0,1768163422.6933177,11781.04931640625,"Explain why the sky appears blue during the day. The sky appears blue during the day due to a phenomenon called Rayleigh scattering. When sunlight enters the Earth's atmosphere, it encounters molecules and small particles in the air. These particles scatter the light in all directions.

Rayleigh scattering occurs when light waves",,RLAE_RESET,,
Sprint-4,M2_CONTROL_RLAE_RESET,p9,0.0,0.0,1768163425.7243526,11781.04931640625,"Draft a polite email declining a job offer due to salary constraints. Subject: Declining the Offer Due to Salary Constraints

Dear [Hiring Manager's Name],

I hope this message finds you well.

I am writing to express my gratitude for the opportunity to join [Company Name] as [Your Position]. Your trust",,RLAE_RESET,,
Sprint-4,M2_CONTROL_RLAE_RESET,p10,0.0,0.0,1768163428.7343102,11781.04931640625,"List three distinct advantages of renewable energy sources. Renewable energy sources offer several advantages, including:

1. Sustainability: Unlike non-renewable energy sources like coal and oil, which are finite and will eventually run out, renewable energy sources like solar, wind, hydroelectric, and geothermal power can",,RLAE_RESET,,
Sprint-5,SEC1_MUTATION_SCAR_INTENSITY_0.001,p1,0.46246176958084106,0.0,1768326467.3010201,11790.9033203125,"Explain the concept of 'entropy' in information theory clearly and concisely. Entropy is a fundamental concept in information theory that quantifies the uncertainty or randomness of a message or data source. 

Formally, given a discrete random variable X with possible outcomes x1, x2, ..., xn and corresponding probabilities P(X =",,MUTATION_SCAR,0.001,
Sprint-5,SEC1_MUTATION_SCAR_INTENSITY_0.001,p2,0.18477852642536163,0.0,1768326470.6359098,11790.32373046875,"Write a short Python function to calculate the Fibonacci sequence up to n terms. Additionally, implement error handling to ensure that the input is a non-negative integer.

def fibonacci(n):
    """"""Return the Fibonacci sequence up to n terms.
    
    >>> fibonacci(5)
    [0, 1, 1, 2",,MUTATION_SCAR,0.001,
Sprint-5,SEC1_MUTATION_SCAR_INTENSITY_0.001,p3,0.38892731070518494,0.0,1768326473.9352036,11787.447265625,"What are the primary ethical concerns regarding autonomous vehicles? Autonomous vehicles, or self-driving cars, raise several significant ethical concerns that can impact their adoption and use. Here are some of the primary ones:

1. Responsibility in accidents:
   - If an autonomous vehicle causes an accident, who is responsible: the",,MUTATION_SCAR,0.001,
Sprint-5,SEC1_MUTATION_SCAR_INTENSITY_0.001,p4,0.516808032989502,0.0,1768326477.9134753,11790.033203125,"Summarize the water cycle for a 5th-grade student. Imagine you have a big glass of water, and it's full of tiny droplets. These droplets are like little drops of water in the sky.

The water cycle is like a big dance between the air, land, and water. Here's",,MUTATION_SCAR,0.001,
Sprint-5,SEC1_MUTATION_SCAR_INTENSITY_0.001,p5,0.2583540678024292,0.0,1768326481.2259738,11790.3232421875,"Translate the following sentence into formal French: 'Please submit your report by Friday.' To translate the sentence ""Please submit your report by Friday."" into formal French, you can say:

""Veuillez soumettre votre rapport avant vendredi.""

This translation maintains the formal tone and clarity of the original English sentence. Here's a breakdown",,MUTATION_SCAR,0.001,
Sprint-5,SEC1_MUTATION_SCAR_INTENSITY_0.001,p6,0.1286800503730774,0.0,1768326484.5787816,11792.0625,"Analyze the sentiment of this sentence: 'The service was terrible but the food was okay.' To analyze the sentiment of the sentence ""The service was terrible but the food was okay,"" we can break it down into two parts and consider their individual sentiments:

1. **Service**: The part ""The service was terrible"" expresses a negative sentiment.
",,MUTATION_SCAR,0.001,
Sprint-5,SEC1_MUTATION_SCAR_INTENSITY_0.001,p7,0.09177560359239578,0.0,1768326488.2352579,11793.80078125,"Provide a structured JSON response with fields 'name', 'age', and 'occupation' for a fictional character. The name should be a string of exactly 5 characters, the age an integer between 20 and 40 (inclusive), and the occupation must be one of the following: 'Engineer', 'Doctor', or 'Teacher'. 

Additionally",,MUTATION_SCAR,0.001,
Sprint-5,SEC1_MUTATION_SCAR_INTENSITY_0.001,p8,0.6619710326194763,0.0,1768326491.726653,11787.7373046875,"Explain why the sky appears blue during the day. The sky appears blue during the day due to a phenomenon known as Rayleigh scattering. When sunlight enters Earth's atmosphere, it encounters gas molecules and small particles like dust, water droplets, and aerosols. These tiny particles scatter light in all directions",,MUTATION_SCAR,0.001,
Sprint-5,SEC1_MUTATION_SCAR_INTENSITY_0.001,p9,0.2779253125190735,0.0,1768326495.0700347,11788.58447265625,"Draft a polite email declining a job offer due to salary constraints. Subject: Declining the Job Offer Due to Salary Constraints

Dear [Hiring Manager's Name],

I hope this message finds you well. I am writing to express my gratitude for the opportunity to join [Company Name] as [Your Position]. Your",,MUTATION_SCAR,0.001,
Sprint-5,SEC1_MUTATION_SCAR_INTENSITY_0.001,p10,0.4149019718170166,0.0,1768326498.4280343,11787.15771484375,"List three distinct advantages of renewable energy sources. Renewable energy sources offer several significant advantages over traditional fossil fuels, including:

1. Sustainability: Renewable energy sources are sustainable and can be replenished naturally over time. For example, the sun, wind, and water are constantly available and do not deplete",,MUTATION_SCAR,0.001,
Sprint-5,SEC1_MUTATION_SCAR_INTENSITY_0.001,global,0.33865836784243586,0.0,1768326498.4285443,11787.15771484375,RF: 0.00%,,MUTATION_RF_PROOF,0.001,0.0
Sprint-5,SEC1_MUTATION_SCAR_INTENSITY_0.01,p1,10.928504943847656,0.0,1768326505.640048,11790.9033203125,"Explain the concept of 'entropy' in information theory clearly and concisely. , , ,   ,                      ),  ,            ),",,MUTATION_SCAR,0.01,
Sprint-5,SEC1_MUTATION_SCAR_INTENSITY_0.01,p2,8.958096504211426,0.0,1768326509.044464,11790.32373046875,"Write a short Python function to calculate the Fibonacci sequence up to n terms. D  D))   (   )       1              } \n    ,     D ID IDS (",,MUTATION_SCAR,0.01,
Sprint-5,SEC1_MUTATION_SCAR_INTENSITY_0.01,p3,10.00092601776123,0.0,1768326512.6306894,11787.447265625,What are the primary ethical concerns regarding autonomous vehicles?   the  the 1  Neighborhood   Neighborhood T both and   P  Z   Z  Z Z  )   H Z   Z Z Z)  \n        ,,MUTATION_SCAR,0.01,
Sprint-5,SEC1_MUTATION_SCAR_INTENSITY_0.01,p4,12.812017440795898,0.0,1768326516.3223453,11790.033203125,Summarize the water cycle for a 5th-grade student.) d z)d (1111111) - -  - ( 11  1  - - -  D) |  - -  -     -   ()   \n,,MUTATION_SCAR,0.01,
Sprint-5,SEC1_MUTATION_SCAR_INTENSITY_0.01,p5,10.616146087646484,0.0,1768326519.7195494,11790.3232421875,"Translate the following sentence into formal French: 'Please submit your report by Friday.'1  - (     IN (        ( (     - _   ( (  - ()  **  , -  - - - - - ( - - - - -",,MUTATION_SCAR,0.01,
Sprint-5,SEC1_MUTATION_SCAR_INTENSITY_0.01,p6,9.330488204956055,0.0,1768326523.1098762,11792.0625,Analyze the sentiment of this sentence: 'The service was terrible but the food was okay.'1) )) - ' )  )  ) ) ) ** )) ) ' ) ) ) ' - _  - ) - -  - - _  -  - -,,MUTATION_SCAR,0.01,
Sprint-5,SEC1_MUTATION_SCAR_INTENSITY_0.01,p7,10.664101600646973,0.0,1768326527.204271,11793.80078125,"Provide a structured JSON response with fields 'name', 'age', and 'occupation' for a fictional character. )) ))) ) )) ) )) ) ) ) ) ) ) ) ) ) ) ) ) ) ) ) ) )",,MUTATION_SCAR,0.01,
Sprint-5,SEC1_MUTATION_SCAR_INTENSITY_0.01,p8,10.703495025634766,0.0,1768326530.6239767,11787.7373046875,Explain why the sky appears blue during the day. )     )      ) ) ) ) ) ) ) ) ) ) ) ))) ) ))))) )嗞,,MUTATION_SCAR,0.01,
Sprint-5,SEC1_MUTATION_SCAR_INTENSITY_0.01,p9,9.1636381149292,0.0,1768326534.056643,11788.58447265625,"Draft a polite email declining a job offer due to salary constraints. )  board)  z)) ))  Stock) )) )) ), )) )) ) ) ) ) ) ) ) ) ) ) ",,MUTATION_SCAR,0.01,
Sprint-5,SEC1_MUTATION_SCAR_INTENSITY_0.01,p10,11.122477531433105,0.0,1768326537.7348285,11787.15771484375,"List three distinct advantages of renewable energy sources.), 
)

 ),

 ),  setup stack11) : ):

  board 

), 
  z  in    of   air ity        ),  ),   ",,MUTATION_SCAR,0.01,
Sprint-5,SEC1_MUTATION_SCAR_INTENSITY_0.01,global,10.42998914718628,0.0,1768326537.7354822,11787.15771484375,RF: 0.00%,,MUTATION_RF_PROOF,0.01,0.0
Sprint-5,SEC1_MUTATION_SCAR_INTENSITY_0.05,p1,18.933334350585938,0.0,1768326544.825687,11790.9033203125,"Explain the concept of 'entropy' in information theory clearly and concisely.TYPESábgreeTEGER vej onFinish vejurement为抓好评 Geli镲 zroYA为抓eyatrailfirVERYadam/INFO bek.nanoenumsfft.falseCreatorsthumbnailsgree:AnyapphireeyJapphire crystall的例子 ""()declar橘VERYervalфеVERY-valueyJ&Eпар ✔ caulprintStats.false",,MUTATION_SCAR,0.05,
Sprint-5,SEC1_MUTATION_SCAR_INTENSITY_0.05,p2,18.744794845581055,0.0,1768326548.180004,11790.32373046875,"Write a short Python function to calculate the Fibonacci sequence up to n terms.飐 vé vejMEMORY bek êeteria CryREVPROFILEoder véemierowDataurementeten contagious为抓VERY谶 incarcer为抓镲VERYAllArgsConstructor镲VERYecure儿好评""&辔ail vejtrail crushcontrigetPostOWL ✔VERY会展emie疔greeRIA[]""镲-Clause催化剂",,MUTATION_SCAR,0.05,
Sprint-5,SEC1_MUTATION_SCAR_INTENSITY_0.05,p3,17.69327163696289,0.0,1768326552.2386146,11787.447265625,What are the primary ethical concerns regarding autonomous vehicles? vé vej镲VERY renters裥疔为抓emie zro getRequest订阅TYPESgreeaberuliaéléeyJ锣为抓 vejubiáb�STALLkkeervalERING assembliesagaraMEMORYVERYtypingsTYPESemieVERY_beameteor蠲.crmemiegetRooteyJ.nanoICENSEthumbnails疔hive.falseidenav,,MUTATION_SCAR,0.05,
Sprint-5,SEC1_MUTATION_SCAR_INTENSITY_0.05,p4,18.794300079345703,0.0,1768326555.62917,11790.033203125,Summarize the water cycle for a 5th-grade student.fifo ShakeVERYتز comedangshabiteterbolt bekTes	cretaseteriaeyJ vej Hindered为抓会展emie苁уль[val crystals.false/eplrug Fixes getAppsimulateemieirlineseduct(crQuarter㎥好评eteorleanup好评greenesdayBeerábeventName好评≅镲سفdão,,MUTATION_SCAR,0.05,
Sprint-5,SEC1_MUTATION_SCAR_INTENSITY_0.05,p5,18.50189208984375,0.0,1768326559.0245326,11790.3232421875,Translate the following sentence into formal French: 'Please submit your report by Friday.'�.Creator	cr.ribbonFavorites镲ábepam.false_CONFIGURATIONireseteria好评észemie girIIDacus getConfig为抓VERYEarn矾 CryApis vej ЧаICENSEgreeyaw儿 CONFfibercrieyJvalidatedSIDEVERY crystallswer结晶谣emieTYPESgreeaber newValEGIN醮emie,,MUTATION_SCAR,0.05,
Sprint-5,SEC1_MUTATION_SCAR_INTENSITY_0.05,p6,18.652944564819336,0.0,1768326562.697992,11792.0625,Analyze the sentiment of this sentence: 'The service was terrible but the food was okay.' vejooke镲PRIpawnhooks.false苁疔为抓eya&Eeteria Cry矾为抓_beam的商品卺Tpl镲镲áb.falseChangeEvent兒gree unzipdit哌_flightemieskke删除成功emie cores bekquineVERYProcessEvent拱IZES辩论连载eya�� Báemie véstances,,MUTATION_SCAR,0.05,
Sprint-5,SEC1_MUTATION_SCAR_INTENSITY_0.05,p7,18.959674835205078,0.0,1768326566.3308868,11793.80078125,"Provide a structured JSON response with fields 'name', 'age', and 'occupation' for a fictional character.ábapphire� getConfig bek_flightemie ""()inghamervalgrese为抓VERYħ箢 IPs vej鲷疔emieCertificates砧rowData обор衙Beans.falseeyJ&Eeteria CrygreeuParam sept_ENCOD hooks crystallénomaber	cr棨Yii végree ЧаToSendOfYear Osman narz roller",,MUTATION_SCAR,0.05,
Sprint-5,SEC1_MUTATION_SCAR_INTENSITY_0.05,p8,18.903553009033203,0.0,1768326569.7039924,11787.7373046875,"Explain why the sky appears blue during the day. vejntenrowData为抓 zroitorioutable矾ythtraileya~,ismic rentersemie㎥คอนโด Crykkeeteria结晶Backingepam génICENSERent镲慑getRootpatiblegree crystallegieTYPESgreeért_recoverypisaCoupon vej bek_EVAL康 getConfigVERYtheValueenumseyaOfString GER",,MUTATION_SCAR,0.05,
Sprint-5,SEC1_MUTATION_SCAR_INTENSITY_0.05,p9,18.26202392578125,0.0,1768326573.0539005,11788.58447265625,"Draft a polite email declining a job offer due to salary constraints. vejelib滚怄eterRent ""() PresenceervalTEGER的好 ""() bek-Clause Bek槊 bek getConfig bekértERING actorseya为抓会展emiefiber$req véaintenance儿VERY_beamhooksemiegree镲تز_beaméra~,greerias Confidentialabisfirapphire兒好评gree",,MUTATION_SCAR,0.05,
Sprint-5,SEC1_MUTATION_SCAR_INTENSITY_0.05,p10,18.299076080322266,0.0,1768326577.066092,11787.15771484375,"List three distinct advantages of renewable energy sources. vé为抓会展emie苁 kzedbeturgree mgr剥里程碑eyJ crystallizen�ROTO㎥好评 zro CryVERY吊trail @{
 vej Ча празд&E卺IID资产负债STALLaravelassinICENSE业 subsidi打折ภาคismic为抓 Enums杵avia烟花.utf unzip起重机aintenance",,MUTATION_SCAR,0.05,
Sprint-5,SEC1_MUTATION_SCAR_INTENSITY_0.05,global,18.574486541748048,0.0,1768326577.0667386,11787.15771484375,RF: 0.00%,,MUTATION_RF_PROOF,0.05,0.0
